days,Acidimicrobium,Acinetobacter,Albidiferax,Candidatus Microthrix,Chitinophaga pinensis,Dechloromonas,Haliscomenobacter,Intrasporangium,Leptospira,Other,Xanthomonas,mean abundance < 2%
0.0,8.322484326990079,0.7918696793018238,6.38349126808187,26.18083775042212,7.055585423447146,4.998286998752169,15.142619561769822,11.445072116320103,4.742982210528009,2.357318028560508,0.8536576659633563,11.725794969862989
1.0,8.26517652313192,0.763702792305731,6.362574927353577,25.59388962352631,7.081693594125341,5.072711193848099,15.397948121919537,11.546581526650256,4.7912691460756,2.382206277042325,0.8646974208940228,11.836535516722778
2.0,8.18070115208756,0.7818814722435197,6.330329754615467,25.22686145557521,7.127156661914428,5.1478864117989245,15.66353746810999,11.636934314936028,4.83361873030266,2.3997792505457136,0.8791317912142721,11.947292661877098
3.0,8.078737162912148,0.8018901915955314,6.290243179659956,24.849370881291765,7.185821364726525,5.219273197416686,15.92696932864943,11.710475650268235,4.8680312926452665,2.4187844893150774,0.8948734813608904,12.058066889060658
4.0,7.9698074297240735,0.8237577894025506,6.246733996309674,24.505011694517115,7.249498437867766,5.280679363059332,16.172481951583315,11.759176283118324,4.8923799644332835,2.4382626486637227,0.9093030978952951,12.168858356656347
5.0,7.863614244330744,0.8474875685532505,6.204390508331806,24.245813386684727,7.309111281620613,5.324508052661272,16.382314022576683,11.772278273416218,4.904550063893193,2.457028761917954,0.919595270227613,12.279667223072002
6.0,7.770083694825595,0.8730548551616626,6.167656203079782,24.12724179842275,7.355842391692273,5.342459878506231,16.538718355119038,11.737040351218118,4.902618838613927,2.4737340234533742,0.9231375510502858,12.390493646740135
7.0,7.700313772126233,0.9004048422294518,6.140528248089517,24.199845326280744,7.382293264549468,5.326927285966738,16.626578652738445,11.641157318524519,4.885061063905266,2.4870019941853285,0.9180117064279287,12.501337786118693
8.0,7.664534398940871,0.9112908887978676,6.12582246679643,23.641354879292603,7.383681411070449,5.273043560129003,16.636265019314465,11.476739311028352,4.850959307882681,2.520629522857035,0.903478082644306,12.61220115124594
9.0,7.66680079424456,0.9600726605445553,6.124129296595515,25.024939570102433,7.358852248277057,5.180565895216675,16.565954917546946,11.244473635255046,4.800195782301459,2.499158852146928,0.880339347215286,12.321359385764069
10.0,7.701597407085802,0.9921162440197888,6.133188526021744,25.753165205048152,7.310706962890461,5.055128142297583,16.422573058449686,10.95585684219682,4.733611016083365,2.4973976538128215,0.851103879958962,12.030536588701338
11.0,7.756539834676234,1.025392867033017,6.148177310123,26.62183466041131,7.245802419123399,4.907436366172124,16.220878016337604,10.632237995160004,4.653121803833226,2.490775754941265,0.8197899145361507,11.739730992688393
12.0,7.8168999447506735,1.0596797222223577,6.162503644503865,27.550700748487827,7.173270357111937,4.751604786994664,15.981051301482063,10.301403239044824,4.5618079172816195,2.479674473929118,0.7914480895881161,11.448942181936689
13.0,7.867041370433469,1.0947208872144538,6.168573290337578,28.452806205942625,7.103389219984621,4.602844907348778,15.725567331572517,9.993155213319223,4.463977100311868,2.4642003534307766,0.7714265463645303,11.158169740681496
14.0,7.890203069556435,1.1302290732185054,6.158709069228102,29.247651224803786,7.046065895333442,4.475146111186483,15.476158957256935,9.734646565327337,4.3652132745567265,2.444171234963051,0.764504979324321,10.867413253181288
15.0,7.871188395955778,1.10782992123124,6.126741213495443,30.644209502075995,7.00941691150132,4.379088870648623,15.251432995984343,9.545647148605775,4.272395238817066,2.441339227000082,0.7740397783608979,10.576670796323432
16.0,7.803070018449106,1.2013563768675677,6.069961257635846,30.296654432077347,6.998773744747142,4.320324453856391,15.065486188992994,9.434597755698244,4.193651248133189,2.389902596862853,0.801330231976468,10.733986444166833
17.0,7.691148268212558,1.2362706140863589,5.990048106118389,30.5140318094999,7.016527503850145,4.298861686870915,14.927684609523656,9.397032332714012,4.138197608273281,2.3564191522849014,0.8452986895753579,10.891315931881204
18.0,7.548452350882081,1.270251051814934,5.8920643002234865,30.546840176505103,7.062973067123389,4.310209348161273,14.843526651887156,9.4171778143017,4.115997979859268,2.320065686049906,0.9026769904895228,11.048660991807779
19.0,7.388444613633942,1.3029068756442255,5.78249901904241,30.429078615410813,7.137780865802816,4.347065003841473,14.816118492107304,9.471487424550133,4.137189359201684,2.282277694587204,0.9684893413827144,11.206021848915796
20.0,7.221952291184267,1.3338425480246419,5.667882416154665,30.19637620116456,7.2414208666800235,4.401130614125285,14.847611277918505,9.532120605109867,4.211243079180202,2.2446068772919894,1.0367458119212745,11.363398728196865
21.0,7.058302140162271,1.362664724811952,5.55445484290373,29.8790134582759,7.37593346730872,4.464336123617142,14.93998554570142,9.569451025343572,4.345877901139686,2.2086569715819184,1.1011904181993137,11.520791854666065
22.0,6.907808784089182,1.3889897027648554,5.448349544426238,29.49955219861025,7.5447087343074095,4.5294947286589675,15.094828553777615,9.554331456794051,4.545811200657334,2.1760520930379905,1.1560629197716519,11.678201453360963
23.0,6.7829979272934,1.4124512863759036,5.355464541482814,29.073725314461363,7.751218599401817,4.59068568529393,15.312097072399409,9.461509560977598,4.811515484176584,2.1483007754598007,1.196871037344882,11.835627749343212
24.0,6.695900278984079,1.3808256948804778,5.280506516424521,28.689472294744785,7.997003871976808,4.643599820129086,15.588237663295144,9.274704283360911,5.1382170585095,2.097335841627733,1.221124665334276,11.99307201073267
25.0,6.651422392538311,1.4494560955267868,5.22559114010853,28.12744259383572,8.279649505482185,4.68576369063774,15.914364961567907,8.991848707393105,5.515405658369355,2.1108716867668136,1.2288595444975479,11.840512093203433
26.0,6.643333089783348,1.4624283903637403,5.1896626163192705,27.62798086846396,8.591651575459615,4.7165871755318705,16.275259928950838,8.627735789815377,5.927068043976112,2.100739086343853,1.2228421344668152,11.687970148065068
27.0,6.658150335369662,1.4714117547017465,5.169538776237482,27.127398996204498,8.920703688715628,4.736859317536316,16.64972945441622,8.212339123536925,6.352774189041967,2.0945129405984937,1.2082110312783612,11.535444914180978
28.0,6.681689329633195,1.4762500585918152,5.161792319093707,26.640325603539168,9.251214118463814,4.748108073015868,17.01236633137864,7.7857699434572885,6.7695415750452845,2.0901434997583044,1.1917155535844972,11.382936173473313
29.0,6.701953168378846,1.4768521804096508,5.164140936548056,26.182374582113468,9.566525298671666,4.7519684223751275,17.336445520820853,7.3917907198201735,7.154258009659262,2.08546822555266,1.1806159158824394,11.230443707887893
30.0,6.708992692170202,1.473198276438059,5.175739906602474,25.768575146798835,9.851418979754953,4.749816518141211,17.59748788363466,7.0708392076563396,7.486289242982705,2.0784996045861424,1.1814594348391385,11.077967299393542
31.0,6.695176895338886,1.455306968171718,5.196536980958486,25.223201231184472,10.094594457600891,4.742677456646143,17.77683031888464,6.852819104931779,7.749835711476795,2.0885835917967635,1.198931239353518,10.9255060436559
32.0,6.657196304863168,1.4534298700618615,5.226269387542342,25.11840583969002,10.290577112444366,4.731276311757025,17.86428313884799,6.751069889914485,7.935622215976644,2.0521336253188576,1.235035529131747,10.977057346042143
33.0,6.5973877147315205,1.4376734371322921,5.263871981901491,24.893169190840776,10.440353864857906,4.716117466680978,17.859019226439752,6.760080656038002,8.041643100124823,2.0316473787258573,1.2887122394024764,11.02862365690578
34.0,6.522196842219112,1.4183810424186363,5.307713843440212,24.736046085473824,10.550427041368586,4.697456712523496,17.768331521318895,6.858305417158142,8.072830069967436,2.006525971118668,1.3561157915262727,11.080205736301865
35.0,6.440036217474762,1.3959420783368364,5.356311037179223,24.647912148238298,10.630791715435633,4.675233109321245,17.60484509402848,7.014241085721474,8.03976448025615,1.9772123754340487,1.431306332580881,11.131803657981301
36.0,6.361304435874868,1.3708278180073155,5.408915649315647,24.63269944691599,10.692716458739524,4.6490067141168865,17.38320375880757,7.1927244607295435,7.956684032067225,1.9440128072185163,1.5072508573894174,11.183417495718295
37.0,6.300155648166298,1.3435873517284196,5.4656929389410225,24.698025092614937,10.746926295144563,4.617994682798668,17.117162171043063,7.359853761097377,7.839151773504571,1.9070068688974606,1.5769255050209223,11.235047323308859
38.0,6.275142910101061,1.3148416555343927,5.5274703911712395,24.853128891527824,10.802268718152098,4.581248863031402,16.817508570462795,7.486995830086988,7.701768972175055,1.866176616073525,1.634404578027645,11.286693214573168
39.0,6.304652265686658,1.4489441346470069,5.5951188859907335,24.79471669905776,10.864722596159371,4.537953490147955,16.49082559893788,7.554724587408075,7.556270167298601,1.837887382767159,1.675828486784932,11.338355705113871
40.0,6.396879430126014,1.2556293965812815,5.668789725884966,25.45175726904907,10.936745773795314,4.487703886947047,16.138951637322133,7.556241462347075,7.410255363894745,1.7744677096494315,1.700061311501747,11.252785095399997
41.0,6.54377956052107,1.2266852822418368,5.747433484213422,25.884129161917098,11.01713982677978,4.4306960567740905,15.759056566280384,7.498680260510441,7.266691205965834,1.7261822058732903,1.708948464324967,11.16723103648183
42.0,6.726650696725105,1.1992567857384742,5.828854951833279,26.382416192632515,11.101576320314221,4.367637112221683,15.344363403629252,7.401237074915534,7.124207077183776,1.679736134642784,1.70694418969048,11.08169294427459
43.0,6.925614907457277,1.1741736036769659,5.910072553173115,26.92188559916206,11.18371455241735,4.2996133037902196,14.885616614554745,7.290926900441076,6.9780633800971765,1.6390627868747425,1.7003217293537487,10.9961706964768
44.0,7.123713755820768,1.1522666545752653,5.98768035871663,27.476229794630246,11.25674945517666,4.22803373997566,14.373404105670256,7.197430183232779,6.82158940186051,1.6088944457725753,1.6960638359716125,10.910664170811184
45.0,7.306590117238709,1.1343521774594907,6.05827747942709,28.020592133546497,11.315276187948415,4.154825102911756,13.80127587337541,7.147751113836567,6.647818235786507,1.5940707686547662,1.7006760543621167,10.825173245020988
46.0,7.462918376431739,1.565595123429885,6.119213642217422,28.67318320239073,11.357320011586332,4.08289532160484,13.169229351127903,7.160830941832876,6.451039884421711,1.4989593306736115,1.719118124984767,10.73969668929818
47.0,7.58741873368421,1.1135943079651587,6.169501924160004,28.99761143749921,11.386129363391392,4.016727050917329,12.486671561805881,7.2430162259317985,6.2280313502981075,1.6227694930843546,1.7540737619219455,10.983440390768711
48.0,7.682250636882574,1.1121634435375867,6.2102184352314795,29.398860802085753,11.411138674521302,3.9629577692592424,11.773830775418316,7.386121060197701,5.978813716629208,1.6654520773364632,1.8056334106458318,11.2271986885937
49.0,7.752879553521118,1.1175189315170153,6.243938263843678,29.724250708402682,11.447656311368352,3.9306125148704503,11.060865709206992,7.569128276475048,5.706872177009133,1.7216299793023873,1.871560692115013,11.470973038870065
50.0,7.801736818896903,1.130164365274056,6.273658843343237,29.95945096092609,11.515218049991702,3.930843112782365,10.38464794841579,7.762583027061892,5.418899692986759,1.7851506189475708,1.9478958217962972,11.714763790142298
51.0,7.824284726420057,1.1504984335137163,6.3019199147039195,30.08830459572882,11.634688701392683,3.975778114498387,9.783634374329797,7.934059841413906,5.124178631766258,1.849634016597841,2.029763831235527,11.95857129097783
52.0,7.808959568340069,1.1788045206834745,6.330334039060338,30.095806374663805,11.82418145481768,4.076193562151683,9.291570379378216,8.053908539724388,4.8337512309744115,1.9093265168042233,2.1121553286048917,12.20239588996881
53.0,7.742366233317475,0.8759814181218742,6.359307496217339,30.448443284124476,12.0941999575718,4.238107217645573,8.931109743209296,8.101099237718808,4.559509329546838,2.013094592013044,2.190543455482963,12.446238035030518
54.0,7.619023778857078,1.2598441615606286,6.387714056114048,29.731282314831876,12.443241258202029,4.459587668679799,8.70891478160841,8.068134440352082,4.313287263408944,1.9981637262116108,2.2612478562024685,12.660583179944625
55.0,7.447543938794924,1.3125091464659755,6.412440448047298,29.392230571632062,12.855570962320085,4.728520458354583,8.613765789654927,7.963079600594007,4.105984747663168,2.02356849411035,2.3215567296055006,12.874946526037919
56.0,7.246922838886881,1.3730072229801382,6.427821065498497,29.000800576902286,13.302205568599824,5.023607783076962,8.618481121738458,7.807576142460854,3.94671277341461,2.036045882140313,2.3695927574248286,13.089328280503528
57.0,7.039793175718834,1.4409813760228927,6.425085821113764,28.612708324797563,13.744680771028019,5.31690273682585,8.684948471069257,7.631978283059195,3.8419452072583797,2.035808655258281,2.404089037575632,13.303728749860982
58.0,6.8503899352065,1.515955130028847,6.392327976087576,28.288273043341615,14.140516690082904,5.577786107944019,8.770821072337903,7.469567827461482,3.7947005227672097,2.022532996854587,2.4241774511740886,13.518148240655913
59.0,6.704958161972117,1.5973429216674235,6.316044986647415,28.083830320423267,14.44953338996654,5.777602910247362,8.836344006610176,7.350884885101734,3.8038451550498245,1.9953671161975113,2.4292976754589537,13.732587059461665
60.0,6.627357695825225,0.830901164656348,6.185091197292536,27.43082085234241,14.640251705093174,5.894671099854411,8.850158362673847,7.298359968643941,3.863685595403562,2.01241839732798,2.419237153648975,13.947046807237596
61.0,6.628153658157959,1.7765563892627594,5.995830533836868,28.187323765622565,14.694866110028359,5.918083127470334,8.793173558747213,7.322043039706911,3.964063876320236,1.8977045545237325,2.3942205956686657,13.776804132783218
62.0,6.698231765931029,1.8728002791948144,5.754985667346657,28.51731854289706,14.610853277467143,5.849670671022996,8.659900879575082,7.41803025704273,4.091137461443872,1.8297676434848749,2.3549863019031023,13.606582450520161
63.0,6.816271418520242,1.9723342912888273,5.477970272692041,29.01292631668462,14.39847013604749,5.701308914426548,8.457158045235303,7.570469612698608,4.228950539747876,1.7535430489252626,2.302746913591767,13.43638022270952
64.0,6.9609737087888215,2.0742802892661447,5.184803756747877,29.64331316445059,14.075786388356414,5.490766969071341,8.200953299557137,7.755952259876882,4.361707149296029,1.673775197439451,2.2391207134895845,13.266197205999244
65.0,7.116838440298855,2.177766505221203,4.89670715499512,30.37370587205208,13.664098706683053,5.237164575237676,7.91272514891431,7.948310613215998,4.476487577313596,1.5955722393869172,2.166084214726075,13.096033157064845
66.0,7.273875764292544,2.281951621544254,4.633795139485633,31.1686214835424,13.185842353601572,4.957954181409789,7.6160008532550325,8.12267730715661,4.565959228352043,1.5238275365843703,2.086025995427826,12.92588783260866
67.0,7.42587966917312,2.516304333495865,4.412466470565322,31.92802797589372,12.665348021278804,4.66760672645658,7.334045336297744,8.258640673232332,4.630525349953617,1.4034886141967706,2.001905443654257,12.755761385801868
68.0,7.56939733604379,2.4893484949854345,4.2426215644665675,32.79717189504647,12.131338884505407,4.377579723238656,7.088646797323953,8.342216008802458,4.679342983890067,1.4146200368194846,1.9174408012171245,12.467818564224002
69.0,7.702518042580397,2.591240989749863,4.127283011053247,33.534146020748054,11.619487654504944,4.096975651727968,6.899865867927506,8.36592669185051,4.729794918632756,1.3812121476569879,1.8372347046395685,12.179893965356696
70.0,7.822155895464309,2.69123541684196,4.066361815323969,34.13368837740705,11.173523946053349,3.8336004015565357,6.786295966052658,8.326779617870283,4.805210537786923,1.3630832881360164,1.766691875238591,11.891986781087304
71.0,7.920321929722758,2.7889773121834596,4.062339969384923,34.5130775185528,10.843800323268225,3.594842533991495,6.7650706164516015,8.22334418083575,4.931039357161032,1.3613344803466585,1.7116823811259751,11.604096599772006
72.0,7.9808633433359475,2.884262611154252,4.123846778329753,34.58124466235881,10.682368703006762,3.3879877248293493,6.850831761861386,8.05385272856616,5.130000530271275,1.3780639129800143,1.6778998165048016,11.316223009790159
73.0,7.979316306361676,2.977048168532052,4.2642374051355265,34.25489422991374,10.733994738930017,3.2196208111771702,7.053269076489766,7.816703578205829,5.417062211731057,1.4159296287974967,1.6699688648322812,11.028365599545173
74.0,7.890683930631576,3.782384374220497,4.494479231774242,35.24216298727612,11.024181392933688,3.094196025552576,7.373673819433613,7.513341274277466,5.795259695382296,1.3586524766132946,1.6904628555900751,10.74052193631455
75.0,7.7052341204176376,3.1557876015564563,4.813326655860347,32.2751617969075,11.548088012320203,3.0126182680970817,7.801835557727087,7.151962341209519,6.253328901294331,1.5588353818434095,1.7391532879443197,11.05344006153717
76.0,7.438651405484886,3.242498371560167,5.201249008145262,30.70821660918838,12.265691542751822,2.971331889110131,8.314857596036124,6.749779517301128,6.765801243688461,1.6572161041284739,1.812681196938979,11.36637196962537
77.0,7.125465681860664,3.328215157051171,5.622346297128374,28.923009837422235,13.106477669349186,2.963220592227005,8.878940748951589,6.33230885013799,7.2958014903944015,1.7626100483630316,1.9049853294843957,11.679320129152554
78.0,6.806619815754781,3.4137139603215703,6.031677406354593,27.09467755291082,13.982349479138065,2.979146225193983,9.45387269066508,5.929861913529747,7.800087957352469,1.863749541872898,2.008205437047427,11.992284987566245
79.0,6.52253981124259,3.499907838652122,6.38412065601685,25.39852639391046,14.804583324968005,3.0097474602913015,9.99905711246746,5.572316405484647,8.23543321635636,1.9494302054719341,2.1138833632881706,12.305266992338359
80.0,6.306718447415816,4.719034418775847,6.644161679263389,22.46981143001185,15.500257079505232,3.046707433477738,10.479444422603944,5.283409605620011,8.565087104509734,2.153011843720607,2.214089720144446,12.618266814951395
81.0,6.174519011384114,3.6786057691188443,6.79533716198226,22.91332419401129,16.024024222410365,3.0832860641443576,10.869798428413171,5.076181702015991,8.764059174276762,2.043817711574421,2.3021919597084266,12.864709248504138
82.0,6.117558451809277,3.773441254495646,6.843968426847017,22.228462592532683,16.362008079739848,3.1142613883368893,11.156278733962834,4.951457736722375,8.8223062525546,2.0491717804754632,2.373189264345587,13.11117029977849
83.0,6.113889444565306,3.8735837373467024,6.813702299574895,21.88851463494609,16.527157998652342,3.13534160379724,11.335183678766954,4.9001551292765795,8.745330434259177,2.0320830910300725,2.4235545142626234,13.357650097173725
84.0,6.143825137959008,3.98029996138117,6.735611048604809,21.829765681058383,16.54923167754613,3.1424788189810915,11.409881666596831,4.907892005375072,8.55237261450652,1.99988156419879,2.450882977828177,13.604148993102442
85.0,6.198852156757963,4.094845656326383,6.64080454656817,21.980497889515615,16.46417495351172,3.131357493967378,11.387444091427925,4.9594359484182275,8.272749452907378,1.9603510784572638,2.453569516119596,13.850667340004314
86.0,6.283575516639734,4.218436085189571,6.557435422521859,22.27504553763828,16.30625349266214,3.097399890211086,11.276308427307683,5.041407501063171,7.941181139233385,1.9207542101138426,2.430771279588446,14.097205490347127
87.0,6.413514992492414,4.352216989403082,6.509327547510309,22.658987714275828,16.1036605819977,3.0364636385471075,11.085532837752131,5.143104445094402,7.592982926138894,1.887284803310997,2.3827425378799543,14.343763796626968
88.0,6.607236877128424,2.9347686478900856,6.513193857322732,23.08104625329397,15.876728807211128,2.94614275880852,10.825398929671728,5.2560770372403,7.259869341729124,1.7977514898116154,2.311442242860696,14.59034375703168
89.0,6.873084533171809,4.6544192103752895,6.574502071222302,23.52621682513201,15.637682325221514,2.8270526981984037,10.508579672903133,5.373161360626518,6.966903189664618,1.854658700611829,2.2211224783723393,14.496418761136239
90.0,7.201001865814809,4.824541204376235,6.685210382265623,23.938078188618245,15.39130541812652,2.683737492231622,10.150995511442968,5.487480191231163,6.730834763735664,1.8576985230374834,2.1186687902264913,14.402515637628612
91.0,7.567814127667073,5.008209447743332,6.825663065653198,24.28854779540975,15.136263610544303,2.5242156822054906,9.771739097384486,5.591706054234476,6.559850359081782,1.8717268319709433,2.013334137381659,14.308633106585383
92.0,7.9468110902584534,5.205843009483266,6.9687433217718775,24.53925870859825,14.866926526390063,2.358931505287946,9.391964250266575,5.677750386355153,6.454470301671431,1.8941192064083257,1.9159584066783255,14.214771033774566
93.0,8.31111306856552,5.417658175640024,7.083685314160757,24.65011409166716,14.575631454923233,2.199221149079803,9.032948761017122,5.737055966682626,6.40922838851409,1.9223732019824837,1.8376903297931442,14.120929284993405
94.0,8.633128918004902,5.6436570799492705,7.140091959102629,24.58487766618018,14.25539446059117,2.0556952760381577,8.71371045236693,5.761682401824235,6.414694880093213,1.9545083338664786,1.7884361447239057,14.02710772606954
95.0,8.888401834415415,4.773486362963504,7.1143628502816085,25.03654009838958,13.902910652493734,1.9366464243380317,8.448653331442928,5.746112175503919,6.459456057573035,1.9848143836169865,1.775311780645333,13.933304048335923
96.0,9.066010487171859,6.137101693222182,6.997539018829673,23.85854817379284,13.521239643526114,1.8469406898735552,8.245854398144997,5.689108864706264,6.531770290406779,2.024945086453562,1.8015239843140125,14.485853488113554
97.0,9.174243507977735,6.403430655261625,6.7992267754102125,23.227832495957557,13.121295480747882,1.7875387064389523,8.106539707056863,5.5945991201823055,6.620758089551181,2.061144807809766,1.8658795352573334,15.038421464989753
98.0,9.231809629001665,6.681712917311189,6.544034973649475,22.48438446401687,12.721555577627335,1.756483830178219,8.025969612211394,5.4709937418792265,6.717098764080947,2.096665879564156,1.963313551158166,15.591010943536665
99.0,9.253644982078328,6.970838418564232,6.264060347278878,21.701214970603864,12.346082968351446,1.7502809988730754,7.995327197567172,5.329402635290346,6.813307265351141,2.130417877813466,2.086008118177844,16.14362271383678
100.0,9.243048364263673,7.2694907477532436,5.99264154830284,20.957066323172906,12.02124759935744,1.7652526412277718,8.003917403037457,5.181613611690965,6.903704767370841,2.161235250419606,2.224874189613444,16.696257566005198
101.0,9.191714080458198,7.576159602144692,5.760143097516768,20.324287087190587,11.77145637156094,1.7982021172236788,8.04103920968382,5.038355070044509,6.984208789953706,2.1880047865422396,2.3709675305138105,17.24891629018936
102.0,9.086751152724618,10.160044195585485,5.589409379535555,19.095100353551818,11.614396906810166,1.8463524568809813,8.097226824411049,4.907919299160894,7.0520471969912055,2.232555672041093,2.516594403732116,17.801602158575022
103.0,8.922597367659783,8.20662772504588,5.490719251457673,19.580000544540376,11.557052947171353,1.9069313362469302,8.164849953098818,4.795260457848335,7.105467322845292,2.226849813484728,2.655960454035424,17.616587046988368
104.0,8.708390463416917,8.526581214346182,5.459809742792956,19.4881328667801,11.594153610420497,1.9767164632788488,8.238214347108075,4.701874431610176,7.143481256871868,2.2393863930172717,2.7853841342322383,17.43159960529184
105.0,8.463685575086787,8.846898647885949,5.481525275468614,19.54888755068116,11.709873679763566,2.052001630986654,8.313340489504249,4.626595860326367,7.16566352112874,2.2488505489687647,2.9030497662874137,17.246637086990283
106.0,8.21029188376122,9.165360850006584,5.536307772067035,19.714648750115664,11.881873398680263,2.1287786291014585,8.387596929846202,4.5669025405459,7.172007202923254,2.256955932255287,3.0085501351870643,17.061699227627496
107.0,7.969212028667256,9.479669176053568,5.605265869049921,19.93384993739684,12.08592033953099,2.203108006773425,8.459328230444079,4.52008224439251,7.162834289305283,2.265532886226977,3.102365181898822,16.876785762782912
108.0,7.761060657671827,9.787468322451392,5.672662134035081,20.159736148519368,12.299775923847033,2.2715343632504523,8.527564141700296,4.483843015364896,7.138750456451488,2.276277839155643,3.185450953927304,16.69189642806943
109.0,7.603533497474856,9.04729157221665,5.7271742535808,20.599546494836247,12.50589774339121,2.3315054202424816,8.591832469214113,4.456358986854773,7.100627922650254,2.2702060666170727,3.2589955786634155,16.50702999425813
110.0,7.504076069771039,10.373974059223913,5.762821689274943,20.50012923126714,12.692875224876168,2.381660805524717,8.652048594925933,4.436016489683352,7.049595700034043,2.308866488766337,3.3243061499320414,16.608978262242935
111.0,7.455641742655769,10.647896626676904,5.778941285675605,20.582671241671257,12.855523360320602,2.4219485841800514,8.70843669471925,4.42117660272858,6.987019367619347,2.331367985952721,3.382767967674111,16.710949312573202
112.0,7.442361066684127,10.90578895954217,5.7785868270825524,20.60510265078639,12.993735528308711,2.4533206753556676,8.76144795407942,4.410135948996615,6.914456728909177,2.357449466163987,3.4357931855548696,16.812944255926546
113.0,7.4486190026213634,11.145363093076613,5.766211318137332,20.57500506216135,13.110635142453926,2.4773069848689713,8.811670374646997,4.401252196532907,6.833589884547665,2.3863375745747493,3.4847617338264745,16.91496323813158
114.0,7.463458531261826,11.364414489679534,5.745942681613823,20.502002874610213,13.210750687599528,2.495568172561149,8.85974261598042,4.393099062761576,6.746140867410856,2.41729991969415,3.530953067277679,17.017006405054392
115.0,7.480475888152375,11.56084484112165,5.72088813533654,20.395082510696856,13.298711746688141,2.5096037049399746,8.90628758613559,4.384551949855596,6.6537845253914725,2.4497766593935295,3.5754943680752285,17.119073902593698
116.0,7.496302982073881,11.732684473828522,5.693124219590041,20.261415723769513,13.378564464293898,2.5206273217059265,8.951872013809938,4.374790804760258,6.558071542879669,2.4834030521206842,3.6193360826476693,17.22116587668404
117.0,7.509285610532498,11.87811425627009,5.6639392329384055,20.106171338492373,13.453551352557161,2.529556872752311,8.996988524867252,4.363252720761049,6.460370232846709,2.5179791702897605,3.6632534838260553,17.323282473294952
118.0,7.518651397378796,11.99548688716265,5.6340907976199714,19.932786438767337,13.526147411186885,2.537058197583466,9.042052131885075,4.349569026439195,6.361830082986965,2.5534270736083338,3.7078657371113293,17.425423838431037
119.0,7.524046354431382,12.083347416833252,5.604002288289896,19.743364800682432,13.598197325821745,2.543602996661573,9.087403071076201,4.333507305845211,6.2633652452283455,2.5897532443679,3.7536630777697306,17.527590118131695
120.0,7.525289525142442,12.1404528233601,5.57389393064873,19.539051230116463,13.671067741393722,2.5495214724569064,9.133309946705952,4.314925987696362,6.165653276868118,2.627020519651989,3.801035153535664,17.629781458473158
121.0,7.522245397497185,12.165790432018317,5.543864417439354,19.320337286576198,13.745777804316086,2.55504345893073,9.179969190354786,4.293742189677179,6.069143492249124,2.6653281828588504,3.8502966131292164,17.731998005566215
122.0,7.514757524951708,12.158594933345139,5.513939184006772,19.087302863502327,13.823097539503303,2.5603277853240742,9.227498120642679,4.2699109575898095,5.974069728216525,2.7047973381402075,3.9017083316103376,17.834239905558697
123.0,7.502613611295486,12.118363724137474,5.484096879525101,18.839816201743627,13.903614742826884,2.5654816313792494,9.275919333714834,4.243413773826795,5.8804635316199185,2.7455585499525808,3.955494026975871,17.936507304633885
124.0,7.485527283397623,12.044870269291103,5.4542809329678485,18.577720560204696,13.9877741033692,2.5705717800043346,9.325133959302443,4.214254882009545,5.788165274787022,2.7877387462573533,4.011852642925894,18.038800349012266
125.0,7.463130300500242,11.938175162810296,5.424399377409092,18.30103864201968,14.075891630379276,2.575629109294093,9.374880718351584,4.182464974731091,5.696832261054056,2.831444037999029,4.070967017235001,18.14111918495052
126.0,7.434974701736475,11.798634555746649,5.394312956471308,18.01023046799515,14.168145332264745,2.580646886810026,9.424676981580923,4.148112927983356,5.605944455458713,2.8767341313291053,4.133009210467307,18.243463958742556
127.0,7.400549984721642,11.626905618980961,5.36380836104277,17.70654852764334,14.264540406747729,2.58557261412646,9.473737557985928,4.1113275258657,5.514810132043193,2.9235821695537156,4.198142515260034,18.34583481671843
128.0,7.359328396964503,11.423948721172518,5.332549504814879,17.392545643425976,14.364844361319033,2.5902923978686454,9.520867490740796,4.072332499661998,5.422575545801921,2.9718109014341514,4.266519580032831,18.44823190524699
129.0,7.310865429003274,11.191026027802817,5.299994315008744,17.072802869801087,14.468484925643237,2.594606239232357,9.56432811019153,4.031499525994196,5.328244691861094,3.020991964634358,4.3382751461944,18.550655370733416
130.0,7.255008635317593,10.929696266630403,5.265257252860346,16.754946702766585,14.574402329204561,2.598192641473465,9.601683368530574,3.9894243993968335,5.230717058816225,3.0702905416135486,4.413510415579344,18.653105359620742
131.0,7.192315358263151,10.641805457916549,5.2268902325929405,16.450991929294663,14.68084964361868,2.6005624797559177,9.629649403551515,3.9470296065746857,5.128852415188262,3.1182359446321315,4.492263812634393,18.75558201839111
132.0,7.1248579036661495,10.329473473955533,5.182554542875955,16.1789286600115,14.785144144721462,2.601006942784781,9.643997391847313,3.9056882199464416,5.021571068069284,3.162409243127207,4.5744598393853035,18.8580854935625
133.0,7.0576854852268625,9.995076370561062,5.128587440040959,15.964194977725414,14.883393271198662,2.598554942715831,9.639596591081661,3.8673435550063915,4.907994395305969,3.199082833033267,4.65982445305677,18.960615931693443
134.0,7.001166150809518,9.641224521446802,5.059580714474749,15.840195452096701,14.970250203916475,2.5919724860658495,9.610716751410619,3.834562371529355,4.787622666249062,3.222955685997592,4.747753990806006,19.063173479380037
135.0,6.973715518793635,9.27073668273113,4.968343231530184,15.846504743469978,15.03877954351978,2.57985301430197,9.551701342280287,3.810418063181904,4.660535190894164,3.227309112832642,4.83712929242762,19.165758283257226
136.0,7.00213664278947,8.88661021635126,4.846927203378942,16.023468843506503,15.080491951955159,2.5608410495388014,9.458026581796247,3.7981025657415937,4.527583690572034,3.2050345265392908,4.926082728700475,19.268370489999008
137.0,7.1142293993547465,9.653519132564258,4.689240860908674,15.706763972419612,15.085502567458876,2.533976359180229,9.327560705265808,3.800285660675507,4.3905380208917535,3.3156172801331967,5.011755333137732,19.371010708009607
138.0,7.3235307050335585,8.090121092674709,4.494498720988886,17.002501859627138,15.042640716112986,2.499008019200704,9.161612042120336,3.818472646788851,4.2521390474047625,3.062983642339313,5.090124536973901,19.33645005511543
139.0,7.620599607289127,7.684331786701098,4.269317577039103,17.81599483210565,14.939397822671532,2.4565937106241202,8.965305894807369,3.852733703642739,4.116025227762956,2.9458113750026977,5.155995382543752,19.301917510828506
140.0,7.982584880709532,7.277970838760483,4.026947612637427,18.822946613229693,14.761983004214413,2.4081378076895485,8.747004913432642,3.9019771437502238,3.986517587264348,2.8075720482379767,5.2032856192743475,19.26741256408483
141.0,8.389252058577993,6.874376410140208,3.784553531308999,19.993730552423035,14.496261471458581,2.3554941470942112,8.516895713741494,3.9645004050186263,3.8682853150242154,2.658824803935333,5.225647624158252,19.23293516554904
142.0,8.830457100230136,6.47683138128819,3.559894437752936,21.297185791312966,14.130370635220379,2.3006049834312483,8.28512638251417,4.038369395139511,3.7659399016543125,2.509942204431182,5.217405720045862,19.198485265926035
143.0,9.303982203508935,6.381504835084691,3.3675817573616094,22.548879526528246,13.658976561080856,2.2452335556767866,8.05999094995937,4.121366265148467,3.6836269406275353,2.2901660501045966,5.174627715025865,19.16406363989304
144.0,9.808944784149748,5.712493002156358,3.2155419823505946,24.18184009428564,13.087788968870203,2.1908521756164263,7.846599023597645,4.21059677895486,3.624684882568693,2.242214614019236,5.095975012015458,18.8847716122263
145.0,10.340574929500098,5.351616534553589,3.104042844529102,25.699393885578147,12.436293477080635,2.1386700617229724,7.6463044261388395,4.302040859809251,3.591416151023428,2.130938685635236,4.983136431200202,18.605507409607643
146.0,10.889107089523112,5.008548202007974,3.0288385519855234,27.216728195486027,11.7374831867189,2.0898189556378823,7.45695330744758,4.390268481856646,3.58498925186317,2.0357645758736758,4.840499680498752,18.32626980881662
147.0,11.4393746910493,4.685698499213957,2.986492874185863,28.687366396103027,11.035082368779284,2.0455723139320625,7.273746059784388,4.468358049702288,3.6054461604830497,1.9567111248283655,4.674396993589795,18.04705841060434
148.0,11.967153057887039,4.385203833619947,2.978711783686333,30.05765149204815,10.379419853169148,2.0075139981045873,7.090421807832323,4.528032189647944,3.6517728416018462,1.8949167835177314,4.4920998951014415,17.767872815758917
149.0,12.433174000218681,4.10890324896967,3.0139012719700964,31.269467436499767,9.822398095672314,1.977539002524194,6.900525245918858,4.560185166105155,3.7219830051856477,1.8531610190489147,4.300887869709784,17.48871262510614
150.0,12.781835656947942,3.8583205657983712,3.105235822728284,32.267206238331774,9.41118787655474,1.9576253300161923,6.698637338890201,4.5560767380719405,3.8131808140454178,1.835270620235876,4.107340896019337,17.209577439507157
151.0,12.956572202383882,1.2440011211761657,3.265094918050269,33.9261068831966,9.180880843685545,1.949414741608432,6.481493866129768,4.509190859058297,3.921593158161619,1.7182869125121452,3.916897962735081,16.930466531302194
152.0,12.932351115845664,3.43876169248028,3.4980207745130225,33.4764162523222,9.14819150223755,1.9538415472982635,6.248869631794228,4.417108088677358,4.042587262243947,1.8816841190705993,3.733691200924889,16.749037119525738
153.0,12.734762462093911,3.2711786415808013,3.796991903694785,33.68092527451454,9.309292231407708,1.9709442593860664,6.004094351568891,4.282355971057491,4.170703429900992,1.9441297047882378,3.560610873715389,16.56763132667063
154.0,12.420827066345657,3.1321059593144907,4.145888584433852,33.65565760796882,9.64329069916165,2.00021621909298,5.754139284582825,4.111685645375252,4.299740414793851,2.026285429042517,3.3996124429689396,16.38624922192393
155.0,12.046370134682869,3.0214312384164943,4.525118936717899,33.44393884724882,10.119517211016873,2.0411503879601534,5.509381828720437,3.914355005827927,4.422921340851709,2.121140034025171,3.252120312670196,16.204890545948683
156.0,11.650520722829388,2.9387442513385222,4.91562094147743,33.08643951022878,10.70508061839293,2.0938429881175438,5.283189915078458,3.7004785270166813,4.533161297694403,2.2214331233284783,3.1194320683967964,16.023555039440893
157.0,11.257095656910819,2.8833592704626456,5.299524868703828,32.61314716272091,11.370004008829593,2.159385132377773,5.091364869034416,3.4800946505849364,4.62344279083413,2.320059496353134,3.002986916310831,15.842242443130775
158.0,10.881593706158363,2.8543416851111627,5.658737934543331,32.04080088027435,12.089253321877605,2.2399134786473343,4.951288183968161,3.2628759858269722,4.687288882648502,2.4099141022663457,2.9044073681861593,15.660952497780514
159.0,10.537605216679728,2.850538169531642,5.97366280097574,31.374827023421005,12.842292821924406,2.338215803695379,4.880519167769849,3.05799187189867,4.719301588720644,2.4837745947714116,2.82527141066497,15.479684944185033
160.0,10.2400498615096,2.870609570720691,6.224338748818875,30.61469419937642,13.611108209903257,2.456815894129485,4.894730826216888,2.8736327877436074,4.715707092543373,2.534827579327438,2.766640945057241,15.298439523171012
161.0,10.002773611081224,3.56899927364172,6.395395321668466,30.125422026467326,14.377460546525215,2.5966120587099435,5.005268991044567,2.716063563904329,4.67482724305342,2.6915027355442085,2.728459939941177,15.117214688418398
162.0,9.83098063784219,2.9763005741371793,6.483028477396985,28.825297804753234,15.119957355410483,2.755560331336783,5.21707191819472,2.5886444098992634,4.59738773772238,2.5521406943254905,2.709046168971094,15.318599983713307
163.0,9.71674974773854,3.0586287623082518,6.498876213084643,27.83022491248691,15.81149312975116,2.9276946162121686,5.527739885513638,2.491572245961693,4.486596775876479,2.520037720702109,2.7048229689742236,15.520005894094714
164.0,9.644266701315349,3.1583192861803053,6.467526037177492,26.814353308483692,16.417707524165845,3.103335727009719,5.928112153378406,2.422732987904908,4.347955354663179,2.4685780788700273,2.7105340039595727,15.721433994707956
165.0,9.598488917180596,3.273628860799313,6.420554559749159,25.826469354940276,16.897326382790606,3.26995289301398,6.403830342823489,2.3791906059983288,4.188828358093107,2.4066200055183047,2.7198086192903594,15.922884573551295
166.0,9.56941172449538,3.402832108547401,6.391349022108109,24.92048365710306,17.20548694941568,3.4137479310763457,6.936952465346886,2.35842817828754,4.0178374447244645,2.3434064241619357,2.7260206796366786,16.12435791865481
167.0,9.551927406525234,3.544248594399699,6.410987804172092,24.148509155681,17.300816176034747,3.5217710582046915,7.50679380507993,2.3587216892866985,3.8441661773509352,2.2872625195904903,2.7232508626377556,16.325854318082182
168.0,9.543969219164078,4.720733299426642,6.502875615190884,22.95759391239869,17.155406475029682,3.584436313577492,8.08975251612763,2.378636418050488,3.676861721675982,2.155177357915688,2.7071826824796856,16.52737446896305
169.0,9.544458577119661,3.8573593356314055,6.676410073903548,23.16078042641905,16.764273833279418,3.597548280476735,8.658474950347117,2.416149113250224,3.5241923591722233,2.2181253314722675,2.675722973516658,16.607341101953967
170.0,9.552005851867344,4.026104943372331,6.92394526630248,22.980673556291997,16.149737106527514,3.563434349901482,9.181072038642132,2.4680595778906853,3.3930816333800977,2.2082125292979815,2.6292628340014192,16.687331888863195
171.0,9.564784861477998,4.201190786882453,7.224023452608026,23.009244328484776,15.358276409782992,3.4896448239388094,9.621216378519957,2.5300714056672975,3.2886142537426637,2.212087892134265,2.5704017915600574,16.767346535025897
172.0,9.580858335724852,4.381421445344011,7.5478814734934785,23.23852382723889,14.451676898982923,3.3868443213957393,9.939861115109931,2.5973846400688925,3.213590024817773,2.226044363730564,2.503345965948591,16.847385154846368
173.0,9.598207983153607,4.56571896940823,7.864895440362154,23.66207055934901,13.496373274227258,3.266396589953395,10.099112194580998,2.6654100273554295,3.1681211575572497,2.2464825149327075,2.433089165087185,16.92744786276256
174.0,9.61463568026018,4.753119607661046,8.146549757989362,24.274849895298093,12.55399823261228,3.138606558764643,10.06822731647002,2.730350232745272,3.1493034525755608,2.2705480603454387,2.3645900161657623,17.00753477324626
175.0,9.628172778687016,5.314214580795362,8.371132076059009,24.539695834131383,11.674344757712833,3.0117251990759044,9.830710728697698,2.7896124192649343,3.1510392901538946,2.299619520825408,2.302086520996231,17.087646293600326
176.0,9.638122474686654,5.133901805253206,8.529051473910428,26.014596090028917,10.891432082337706,2.891633488287974,9.390346131460074,2.842059314846087,3.1641259162432602,2.3227459919972957,2.2486686383287977,17.080754382676833
177.0,9.64563297012446,5.325850261084751,8.625003744735693,27.07409405251653,10.22344467381574,2.7819766090141678,8.77380719778129,2.8880502993585138,3.176714673243946,2.349606469940277,2.2061261120607676,17.07388718631211
178.0,9.652867026368956,5.51800936662838,8.674343596430626,28.181137867164118,9.676472085719814,2.684829626367476,8.028412710331937,2.929235705996423,3.1752160879747438,2.377348621289602,2.175133298330003,17.067044401891224
179.0,9.661637133248105,5.709832516091648,8.696510744340825,29.255895456753993,9.250165082090454,2.6014193491159374,7.215654412293515,2.968166411976166,3.1456255747535216,2.4070148971599123,2.155600352071971,17.060226019631127
180.0,9.672631294419814,5.900814550418968,8.709906183572917,30.211660192238686,8.942557483811708,2.5326878940396593,6.402221286033399,3.007799757755067,3.075157948525574,2.440097703387676,2.147092985286137,17.05343202978208
181.0,9.685386255268293,6.090477619831846,8.72950857236272,30.966574267783347,8.752118143665122,2.4794331742894813,5.6505102069607425,3.050920262629376,2.953978874999014,2.4782782935587546,2.14918908184504,17.04666242263086
182.0,9.698930230129893,5.353546429333012,8.765929995489962,32.48515629722077,8.676968786304364,2.442039642069041,5.010307016671082,3.0994828273587967,2.776764278213803,2.489232386978365,2.161725964592533,17.039916145638387
183.0,9.712857185916391,6.463998137360552,8.82487338851827,31.652877038776435,8.712887979856214,2.420091858881583,4.513193075949377,3.154009217282688,2.543808181847172,2.5750019339962704,2.184956977551698,17.343163423347917
184.0,9.727777884011356,6.646933723645091,8.90725492934175,31.555500596468917,8.852245386345276,2.412067201259386,4.170832930690156,3.2132663640077257,2.2614689615397583,2.634137077824413,2.2196495874674578,17.64643445514946
185.0,9.74426796676181,6.826694266065575,9.010382375089373,31.196325217230182,9.085079061792781,2.4155145252583536,3.9773966874269635,3.274345788153128,1.9418200774522842,2.699593634163294,2.267159947721111,17.94973071751216
186.0,9.760893111001764,7.0027995268941785,9.129500986283517,30.61912503938939,9.401800016281243,2.427390685792949,3.9147702593244547,3.332993729322807,1.6015345904061398,2.770394038379457,2.3294451968696173,18.25305264408454
187.0,9.771953440671519,7.174762844387911,9.258712786100672,29.86631519359718,9.796004628292872,2.4444529433542574,3.9585406892496935,3.3839600542636616,1.2601203966875738,2.845830609466893,2.4089497306407437,18.556400668551497
188.0,9.764685506333095,7.342097815761691,9.391042167983871,28.97042966034867,10.26598954284552,2.4635068056833846,4.082996525126494,3.421309129091422,0.9377243736171293,2.92567396887571,2.5082654386936496,18.859775224634067
189.0,9.71620909605402,7.50432878729735,9.518238582722404,27.95252188097688,10.814254875706597,2.481521662131059,4.26438127910233,3.438893254596379,0.652775685227688,3.0101364846601424,2.62948724396789,19.16317674609182
190.0,9.59351019450493,7.66100493865574,9.631243021770734,26.82623980681846,11.444952504642607,2.495701514441123,4.482499186598651,3.43127607347524,0.41977248243448073,3.099611380565482,2.773267303494817,19.466605666723304
191.0,9.363112743210642,6.067634260740103,9.721919418598484,25.94056060254723,12.159922889373364,2.5035657485383447,4.721156121619328,3.395161260194088,0.2475257305343968,3.1716646609901686,2.9377123769818283,19.770064186672016
192.0,9.010847969288122,7.956120405998267,9.785308999928331,24.31259880879504,12.954715780961944,2.5029680308318167,4.967911772371843,3.3308873510249746,0.13815049648473865,3.2932633131365074,3.1174628599912424,19.54855130797737
193.0,8.554407396493316,8.093951461079104,9.820278880382993,22.98458741645039,13.816248323261552,2.4920242722482735,5.213477050201079,3.2432411268785524,0.08699037110119928,3.3948345697698676,3.3032094503367744,19.32706814576615
194.0,8.034788726699718,8.225057237141836,9.827250920533075,21.6743910364057,14.723020960143028,2.468810913963253,5.450975806103154,3.1411199669433625,0.08355198096035275,3.4956359444112044,3.4820901203909194,19.10561261705806
195.0,7.501399805753717,8.34941705649573,9.804494224225202,20.448275949741163,15.647463350719274,2.4311098736101364,5.675257105514103,3.036268493827575,0.11330195196331719,3.591068568620026,3.63886486363578,18.884184405217983
196.0,7.0075816307639345,8.467167604014213,9.745698954813085,19.379194555693616,16.55933502638409,2.3763963710305163,5.882408151830761,2.9415498229824726,0.16004893784155863,3.6755551539775473,3.7578675816692906,18.662783193653777
197.0,6.611404209810626,8.578626570881298,9.640769534978501,18.5360877796269,17.42932541795529,2.3023027951310513,6.069544901547714,2.868960216179411,0.20850374131429195,3.7433175320813827,3.825442195684057,18.441408665809078
198.0,6.365657396188036,11.506611327429388,9.48027380197914,16.941744070854693,18.232287928639234,2.207536084126959,6.234834978569391,2.827467887033801,0.2465860553942427,3.9045002852294695,3.83244002116222,18.22006016339342
199.0,6.293257384221547,8.784974918998927,9.261515877198974,17.69972253818671,18.949299606233485,2.0928087996752285,6.377593840847547,2.8211667252760897,0.26709673719868593,3.812868342687998,3.776074631160177,18.100322898536113
200.0,6.372719007576445,8.881589392150712,8.991924787568255,17.70873207763447,19.567602247393403,1.9615117458539988,6.498274169350798,2.848599076270929,0.2685159102416577,3.814048223236898,3.6607737336493424,17.980611171430247
201.0,6.554492166737857,8.97539119905588,8.687158974670293,17.948824426940387,20.078275644815136,1.819412599991896,6.598247678108626,2.903705482868257,0.25483131575573065,3.7971498150424416,3.4973401405555107,17.860925152686146
202.0,6.787757364871055,9.06787267734666,8.366337534290398,18.354935045017015,20.473028842451463,1.6739211520799449,6.679440688777842,2.9778309697719014,0.2345163059644745,3.766963804946921,3.301073032166463,17.741264671178612
203.0,7.03277108342781,9.160788376624275,8.048113176750553,18.859248097662825,20.742304776888144,1.5329962848649359,6.74396673295621,3.061795320641444,0.2188966833686128,3.7278229757590213,3.0891825018576187,17.62162955582023
204.0,7.260373978480775,9.256152782432695,7.748474736031825,19.401781742826003,20.876288241659,1.4039800249792727,6.79388754880257,3.1474113186364785,0.22024647067043374,3.6829789076116417,2.8781963480829624,17.50201963555825
205.0,7.450458792412071,8.705329717578827,7.478992526997045,20.186761520204158,20.868640231463655,1.2924358471251884,6.831139737257508,3.228396843453697,0.2499614125713488,3.643636265982733,2.6818118651486698,17.38243523980509
206.0,7.594425620987314,9.463532735084263,7.245050260065238,20.434887430497536,20.720857816070712,1.2013209685247561,6.857572628757695,3.3007899930147357,0.3171062118068945,3.58422510315427,2.5095596486717593,17.114133217691837
207.0,7.696455966328979,9.580778230328603,7.045406271711593,20.883641560725714,20.444468331400614,1.1306019848715536,6.8750081932392515,3.362888064336585,0.4275113006263146,3.532817222606043,2.366322403623195,16.845856165494553
208.0,7.768283935513161,9.710888556688467,6.874133130619521,21.282783891955475,20.05956673281824,1.0779283765409027,6.8852561977367985,3.4147428447785804,0.5834825230504337,3.48119371408106,2.252888559371564,16.577603199205672
209.0,7.821939170564889,9.856948261152583,6.723709412332896,21.639705085751785,19.590686971830305,1.0396250981581145,6.890078619312649,3.4574322226433623,0.7840330783702264,3.429936326292072,2.167025082271083,16.309373935283617
210.0,7.866217342832626,10.022172099071645,6.587347396351538,21.96466744659945,19.062291673402555,1.0117548747657092,6.8911348316756,3.492396951994787,1.0254823099120647,3.379421434062443,2.104776150679945,16.041167990217343
211.0,7.906627647519643,10.209865873306116,6.459900390598256,22.267722810627795,18.495653652816475,0.9908119222646012,6.889946652698487,3.521014363828523,1.3022242766097205,3.3298410758960113,2.061580313344021,15.772984980531458
212.0,7.94645729372363,10.423383436060625,6.337822920940534,22.557225372271706,17.907567991892126,0.9740140071280562,6.887903900468901,3.544409101527301,1.6074943913414366,3.2812454464937986,2.0330347104729913,15.504824522782243
213.0,7.987725938018166,10.666080491261276,6.218795487434876,22.83936582742063,17.31043667846174,0.9593209884176034,6.886311879192054,3.563416872056733,1.9340172415221681,3.233593093260191,2.0153034115963093,15.236686233559158
214.0,8.031792348290413,10.94126589530604,6.101350209011358,23.118135439966935,16.713068929370333,0.9453268973998298,6.886473019292751,3.5786180484144023,2.2744827243512282,3.186799494638399,2.0052599873875785,14.968569729482015
215.0,8.079689705380444,11.252151199362752,5.984607674059796,23.395322459132608,16.12171901881157,0.9311236854810988,6.889794793946678,3.590389528750278,2.6218522538473223,3.1407833078335785,2.000471237116868,14.700474627202873
216.0,8.13228853274931,11.601799206400797,5.86813767291881,23.67031480562932,15.54112307370173,0.9161844172492637,6.897919317950222,3.5989510697440936,2.9695342037766674,3.0955155651518305,1.9991064504391105,14.432400543404425
217.0,8.19034409962746,11.99307233193787,5.751935436066203,23.93957333275168,14.975465339722488,0.9002826089273258,6.9128715922172965,3.6043982349031354,3.3114886190980344,3.051080865396993,1.9998254767984434,14.164347094799021
218.0,8.254439798036097,12.428581559468887,5.636515389907703,24.195672323119474,14.429289347535436,0.8834500099160375,6.937219303484408,3.606721150463519,3.6423301141017705,3.007762748735173,2.001673853697714,13.89631389812785
219.0,8.324791670025435,12.910636771001132,5.52314528262111,24.42582526629518,13.908388544036384,0.8659696587022646,6.974223421328472,3.605810977423699,3.9574988793030683,2.9661683220696804,2.003997540322118,13.62830057016195
220.0,8.400818799081387,13.441199211095658,5.414263845023508,24.609889843726993,13.42067220874505,0.8483978261685557,7.0279306781860615,3.6014578854303414,4.253563846907385,2.927407492959758,2.006381775555149,13.360306727701056
221.0,8.480296688783842,14.02183681080796,5.314125516999313,24.718078485410004,12.9768930377312,0.8316020907021181,7.1031125902581564,3.5933481705280097,4.528706480253236,2.8933321321731786,2.0086155347363808,13.092331987572722
222.0,8.557813858278745,14.653683057273172,5.229642892229069,24.709130197814513,12.590921475998718,0.8167886452409974,7.204895724651318,3.5810766838073818,4.78340286022724,2.8668027565478034,2.0106825226620777,12.824375966629932
223.0,8.622308078993674,15.337400046518217,5.171136682362634,24.530604073631288,12.278977528327825,0.8054686103705563,7.337882429602833,3.564205276403139,5.02127093186476,2.851858711158099,2.012779273047085,12.556438281754408
224.0,8.65424740510221,16.073146302765675,5.152125110046004,24.123916448136484,12.057041243462681,0.7992909783342048,7.504596235612718,3.542413201758818,5.249980202888351,2.853516929671251,2.015358120622767,12.288518549854453
225.0,8.625516236508878,16.860549888328233,5.186592402561767,23.436553791677852,11.935935405364912,0.7996818002099041,7.7032920597515835,3.5157807262486775,5.482045828437139,2.87682053342224,2.0191849669383695,12.020616387861867
226.0,8.507887241706907,16.05225285020697,5.282546352101716,23.721934416980204,11.914707619287814,0.8073128734704382,7.925580770720678,3.4851894768145604,5.735274881613171,2.789193621771558,2.0253883442710423,11.752731551054934
227.0,8.290393338081772,18.586068296009696,5.433619219101533,21.151921518304825,11.97469799397955,0.8216291351203775,8.154790656738289,3.452705188266322,6.03262874080695,2.997337291352632,2.035458653308482,11.44375085499116
228.0,7.990176521461407,19.520627725126,5.614012257803107,19.636316353560805,12.077666340214297,0.8405873481248192,8.366139404666054,3.421705670702801,6.401355839540151,3.0881667683301934,2.051156019086499,11.13478665932031
229.0,7.643935980018204,20.499723361575857,5.781194138894869,18.001006526997546,12.170305355530425,0.8610005288859696,8.529440001859301,3.396523232015032,6.871375673757743,3.1877489341982628,2.0742830642283625,10.825838383972187
230.0,7.291333217365125,21.52014116860096,5.885777146646437,16.369078875497937,12.194583330453066,0.8792008285577577,8.614074404252108,3.3815249249788115,7.473107706501702,3.2848321959758495,2.1063357442585904,10.516905587216959
231.0,6.963399589112534,24.299654970195977,5.885526775719888,13.804260227338826,12.10069353647776,0.8918894263944397,8.594986223782398,3.3797883123872285,8.235054897655807,3.4886718137280286,2.148086886029372,10.207987341177745
232.0,6.675663054570221,23.669307392967884,5.758754040844485,13.514598230657876,11.857985404166495,0.896779800405304,8.457768158886198,3.3918112818934016,9.181504574131793,3.4365466082560663,2.199229879005755,10.04358854598825
233.0,6.4267952307271585,24.788912197758883,5.509842126872178,12.38796280764089,11.459906109888484,0.8929171380280335,8.201180317951112,3.414794521594105,10.3305824378653,3.484438956671234,2.2581572777173715,9.879203624773005
234.0,6.205120136395727,25.931610822918074,5.163191000304878,11.453185129913175,10.921739461259216,0.8804451104281837,7.836414441922688,3.442745568216776,11.692738668363354,3.516306784035377,2.3220032120090455,9.71483282867022
235.0,5.996985599936656,27.091649936831267,4.751675115833576,10.668155864583877,10.273587988428766,0.8601785908317114,7.383928226563937,3.467103081709092,13.269473740437236,3.537151190420114,2.386861820284389,9.550475922664939
236.0,5.790516517153125,28.26287946052441,4.3082272133220645,9.981259544184352,9.552524008906396,0.8331321276641295,6.869319749342976,3.477422431102677,15.052033715188717,3.5524506146827184,2.448162464924339,9.386132671761803
237.0,5.57504604095312,29.438804057534874,3.86330531656889,9.342285811171864,8.796583031140718,0.8002196567373691,6.319540960366272,3.462009610318027,17.01982786688495,3.5673369311609733,2.5011472631038605,9.221802840986761
238.0,5.339104037870914,30.612639964479982,3.4454939094577224,8.708141591918862,8.040950205896335,0.762167542732644,5.759984597366706,3.4088947375678624,19.138552951432338,3.5863013141597344,2.541452233484702,9.057486195382875
239.0,5.069477383471844,31.77737657817292,3.0811369530743673,8.045820434681529,7.315358047101812,0.7196084524187433,5.212392093596491,3.3077081595917757,21.35835102321012,3.6129487028767153,2.5657884872658308,8.89318250001422
240.0,4.753787393686493,31.23217203199276,2.790454791941208,7.548543626956459,6.641903176948982,0.6732943052506954,4.6934161004417705,3.1525726519194945,23.612672246223376,3.599640323453668,2.572651569791901,8.728891781393198
241.0,4.386730250453567,34.0507727075118,2.581616109697742,6.569042362980152,6.033536891401287,0.6243365670632943,4.213883222712724,2.9451613095554903,25.81873659620769,3.696072371843971,2.5628595263361427,8.486908108969716
242.0,3.974572071945724,35.14488377842009,2.4480429159864423,5.7582949778790065,5.494160757215282,0.5744168734560894,3.778932561015446,2.696458441176233,27.88041882163747,3.750335032850903,2.5397893052652507,8.244936832410493
243.0,3.5336910342772616,36.20094337085245,2.372368227313595,4.926693294522528,5.020790801592945,0.525850180336108,3.389088132393297,2.4262700253626988,29.69412046906063,3.807513780503134,2.5090531818741804,8.002977344316555
244.0,3.0879906920935567,37.21184593064691,2.333875314031237,4.10989127153393,4.606982281350126,0.4815173109069383,3.0419276304107052,2.1608254365749486,31.15750552641483,3.860939556441611,2.4777652122571405,7.761029298739049
245.0,2.670003865584826,38.17068589894301,2.3142843381212588,3.3504257809544056,4.2460360609099945,0.4446004841792911,2.7338278164984104,1.9292061030446106,32.18029249157935,3.902797783457048,2.4534582454198643,7.519092349746225
246.0,2.3215144222087067,39.07082999560831,2.3001613984614617,2.691444644367535,3.932893526539268,0.4180924585012658,2.46133268944522,1.758852472893222,32.695526145493794,3.925319246945156,2.4428683639042634,7.277166151417137
247.0,2.0837365879875964,39.86122815656609,2.2832490012196955,1.5890161932433529,3.664589118785164,0.4041116501636095,2.2219724229958797,1.6703394150370685,32.669274649714986,4.066437247091095,2.4507975568491034,7.03524800034636
248.0,1.97580804634317,40.6702753806426,2.2602029495390723,1.8057836373435319,3.439889763350239,0.40330717797151894,2.0146079661903498,1.672773964808466,32.106627182086385,3.8926107312906115,2.4793339185701924,7.494062346489344
249.0,1.9827898444321852,41.35828372139454,2.2322371048316225,1.6081353707490067,3.258905151401703,0.4145059679469667,1.8394569094756277,1.76208649627394,31.0525369747806,3.838012697470126,2.527553708326101,7.952885050004113
250.0,2.070681570360352,41.965129805349406,2.204594213466463,1.5706670142107004,3.1230040389905085,0.4350768699455723,1.6978929576477262,1.9234435413639963,29.586864702394614,3.7653459999803216,2.591948681174405,8.411719124413171
251.0,2.210971640547554,42.486510704325426,2.1856761265726212,1.682623769989397,3.0346836629697287,0.46156633745168635,1.5919931750791398,2.136362961667677,27.81456798919011,3.6829383916485683,2.6672970634907096,8.870565225750063
252.0,2.3919663582208845,42.91874717488973,2.185405659867964,1.932819863163427,2.996782756350406,0.4904681094474567,1.5237985278583572,2.3799557991623277,25.852841349855936,3.598867996019072,2.747802376317899,9.329424010066447
253.0,2.6141399038118776,45.65383625317325,2.212350393940992,1.9559346289049668,3.010867583669243,0.5188256239782745,1.4943844863189306,2.6365507878593344,23.817712739283973,3.468932673542045,2.828167378057748,9.788297547459363
254.0,2.877357579341369,43.50440026644109,2.2703512098622967,2.7998080387900233,3.075440252333057,0.5445587515671062,1.5030353298221357,2.8933665580963233,21.812492721664682,3.448710762291344,2.904353669794807,9.826892665084571
255.0,3.1722919952761988,43.653866139307475,2.3569359692167886,3.3830829259057444,3.1850325398976014,0.5665519515310768,1.5468634942396529,3.1426023367091416,19.919729733703196,3.3877788889812672,2.973951020371276,9.865503247062065
256.0,3.4834449433098427,43.70631758134483,2.464953428625035,4.036191296650255,3.3307948011840773,0.5844670929718249,1.6210627702034357,3.3804916741881774,18.197451192784968,3.336063180169006,3.036084761942398,9.90412793456157
257.0,3.796783782834366,43.661577192371304,2.5858842028931326,4.73455798419694,3.502183649710886,0.5984755614382103,1.719643116465158,3.6059457907421915,16.679309354668543,3.291944225651328,3.0910690759261934,9.942766782808537
258.0,4.103411629768569,43.52018424130084,2.7124016598184846,5.456080449489768,3.6888122348187515,0.6089840083547147,1.8363216193860725,3.8193196685325725,15.377668836352896,3.25363136893934,3.139937430219519,9.981419847049354
259.0,4.399110158348383,43.283379749429635,2.839310603003165,6.183157381436622,3.881733384109903,0.6164454995452052,1.9652567758305128,4.021572703211365,14.288312087499198,3.2195901378331637,3.1840171288460133,10.020087182548972
260.0,4.68266524085348,42.95308331262786,2.9633950560242575,6.9030965160877376,4.073978470416838,0.6212627693981424,2.101483555567063,4.213826605306654,13.39554956448302,3.188661892497902,3.224621462549489,10.058768844592631
261.0,4.954486227361735,42.53186215930022,3.0828918265255867,7.607507540258865,4.260547941175009,0.6237569070904273,2.2410643892138125,4.3972007923350205,12.676852895915594,3.1600268269893124,3.2628655532270048,10.097464888487563
262.0,5.215762684188032,42.02289307244868,3.196978813032007,8.291325258300764,4.438133778432599,0.62417091814928,2.381047304338209,4.57280705573882,12.106533337972545,3.1331191058217938,3.2995740988934705,10.136175369560386
263.0,5.468011595646549,41.429917920968315,3.305394177944826,8.951853018621431,4.6047826083481365,0.6226875277064319,2.5193272083807305,4.741832073719994,11.65833380931077,3.1075440835236425,3.3352407118462484,10.174900343158667
264.0,5.71285016465003,40.75719364322295,3.408181848183841,9.58798170529556,4.75961231678653,0.6194510703635376,2.65447905538861,4.9056806026388955,11.307033140486906,3.08301156994941,3.3700054706520475,10.213639864651206
265.0,5.951884112364347,40.009437604181684,3.505526723351211,10.199606604820055,4.902628858983586,0.6145901640678039,2.785601178149156,5.066182373866958,11.029276641040706,3.0592836229821834,3.4036282853293702,10.252393989426148
266.0,6.186644828085509,39.19176930284135,3.597643390310095,10.787210208111752,5.034656958241419,0.6082414513218214,2.91218489135768,5.225884997543948,10.8038787009921,3.0361303504319497,3.4354456473170636,10.291162772894063
267.0,6.418530306667472,38.30964943940525,3.6846892696009563,11.351566179469682,5.157385809281532,0.6005762630337765,3.0340134769656695,5.388467022594815,10.61182731467662,3.013286057334528,3.46430697504935,10.329946270485285
268.0,6.648707420419799,37.36881736073715,3.766678580356489,11.893523828651345,5.273524833313081,0.5918323672615682,3.151087030995251,5.559307082388586,10.43618495635622,2.9903979643182352,3.4884961662546727,10.368744537652672
269.0,6.877917709438813,36.37522788879714,3.843376423076987,12.413842132870004,5.387052036975019,0.5823519301473693,3.263566312730265,5.746222930634174,10.262040026426378,2.9669604282841577,3.505657015321364,10.407557629869169
270.0,7.10609451362955,35.334988500831614,3.914156370076927,12.91305464560605,5.503504938921709,0.5726234945414008,3.3717265043893523,5.960316883962272,10.076621366852054,2.942231323364737,3.512759899011033,10.446385602628302
271.0,7.331656556717869,34.25429777414022,3.977821061740105,13.391362796783756,5.630198934079983,0.5633186523730386,3.475909667088056,6.216682667634147,9.86964062842094,2.915139492206664,3.5061698609611973,10.485228511445863
272.0,7.550366921523497,33.139385934207624,4.032436065061726,13.848576700711996,5.77616386078483,0.5553026413098809,3.5764632269277437,6.5344091154028865,9.633866694526043,2.8842213800169483,3.4818927624195655,10.524086411859365
273.0,7.754000644210153,31.996458255776023,4.075338275970756,14.284144101205339,5.951519173574963,0.5495870914282748,3.6736535742335703,6.934955643488857,9.36586011806294,2.847673157417585,3.436064614734718,10.56295935942718
274.0,7.930191519607546,30.83164196524061,4.103614792419177,14.697307155663749,6.166090064313346,0.5471977352935216,3.7675526777319344,7.437980395696574,9.06671106328554,2.803638967782269,3.3656835363643594,10.601847409727487
275.0,8.066095538195304,28.370473868467094,4.115287119308875,15.112566164122406,6.427432267276559,0.5489668041437453,3.857913385210917,8.05470770053631,8.742552509629105,2.7937871159212246,3.269466246141416,10.640751281047038
276.0,8.155936976224698,28.46017232660532,4.110904169773371,15.45395940520616,6.738980654465227,0.5553515096145637,3.9440713190349643,8.780924678579675,8.404586175701569,2.688980618054231,3.1485494653578066,10.482700964601671
277.0,8.205308749202564,27.264964287689896,4.094649688837163,15.797094722999335,7.099261673313963,0.5663313727344795,4.024924632190636,9.592928266842671,8.068407970209003,2.6196930745964457,3.0068592101854463,10.324666298820526
278.0,8.22639473352538,26.070683562259283,4.074378808124482,16.117025165433994,7.502622149185395,0.58153915351681,4.099043960360424,10.448528778472697,7.7525079077244,2.5458850815419636,2.8508308969873317,10.166646395066206
279.0,8.22984712499466,24.88242442593772,4.061011669782835,16.413979834753096,7.940973990139675,0.6004506534285508,4.164948489508837,11.292281208011554,7.476025423238772,2.471561215028849,2.688691175064796,10.00864102740455
280.0,8.220529970574182,23.70498012502369,4.067703369905792,16.688135380049285,8.405567051255959,0.6225584015778043,4.221564634930656,12.063191844380151,7.256015637030245,2.4012382814418625,2.529399134848249,9.850649969920445
281.0,8.197675672725659,22.54282297033468,4.108176563945228,16.94002454101777,8.888042389020836,0.6474104633017137,4.268841175051666,12.704223818750718,7.1046717394400005,2.3393554223420616,2.3815129762574325,9.692672996722566
282.0,8.158025006436551,21.852812779436853,4.19329645705076,17.221144627242214,9.380614213531302,0.6745106124624061,4.308417488849057,13.173190813506451,7.027047660959909,2.224045233309962,2.2521863198838306,9.534708787330704
283.0,8.100679553060958,20.28056791155449,4.326728343940827,17.386122247124288,9.875675045984185,0.7031698615733847,4.344144345303754,13.452296913768981,7.019818955812432,2.2537750902461453,2.146507078459998,9.702109554266416
284.0,8.030356506117823,19.187695056522667,4.502689958001165,17.59096830173224,10.365271313428531,0.7323836249878153,4.382215452016117,13.55167153713,7.071438676078073,2.232365114054874,2.0672233812282115,9.869523098497641
285.0,7.9566591858084745,18.124549961144616,4.707813518920381,17.795329906720923,10.840845165371768,0.7608700581725236,4.430712548257063,13.504327051466607,7.1638201624122955,2.224303964436751,2.01498620753693,10.036950753999996
286.0,7.891883190930982,17.093856177156194,4.92540880545587,18.0103262616791,11.293497775576416,0.787217350580867,4.498531111794194,13.355343968210649,7.275274681670167,2.228297446026738,1.9888059903703172,10.204392760157448
287.0,7.8495595457979785,16.097984965254565,5.1394718085510664,18.24703632962441,11.714852676300822,0.8101386598697562,4.593825109581959,13.150457125318479,7.384180620305517,2.2433605709080813,1.9865634806098562,10.371849356377183
288.0,7.841725160450895,15.624909540452125,5.337675800656563,18.368496476444303,12.098318814722688,0.8287699684374553,4.722297646237354,12.927639086558996,7.472653800245446,2.232821832010868,2.0053701699271773,10.53932170385613
289.0,7.87368567903123,14.218473096189882,5.513431761652051,18.81670614564551,12.440196863673927,0.8429145666847372,4.885802008956429,12.712652040707747,7.529482500407042,2.303803089649202,2.0417602415040634,10.43283073279835
290.0,7.941035529412602,13.337879904035693,5.666262969436589,19.15401134184025,12.739947173615999,0.853199113898538,5.081677354864926,12.518250617639051,7.551781305613129,2.347109124035466,2.091764467830698,10.326355600189851
291.0,8.033179182357998,12.498226426063251,5.7999402836126075,19.521981760218846,12.999315957451346,0.8610060585513346,5.303021941510358,12.34617708932499,7.545054727306664,2.397121131954927,2.15101592196502,10.21989523202426
292.0,8.138949215680165,11.700254898987502,5.91958447173143,19.91451142895699,13.220735701188913,0.868318899056067,5.539712781284045,12.190501829004667,7.521746423022073,2.4522810082656146,2.214891159261893,10.113449476084838
293.0,8.248938528209878,10.944419497309031,6.029439278539952,20.32565346844024,13.405813760705536,0.8774908981753352,5.779813766670762,12.040955173745038,7.498578390216241,2.511412522454268,2.278720151459034,10.00701818017745
294.0,8.354778658270614,10.2309014160595,6.131949966315051,20.750937006718008,13.554593619764805,0.8909635319688398,6.011047730217531,11.885716880929293,7.493193164442646,2.5738300039299986,2.3380391624891117,9.900601192129608
295.0,8.44809364308797,9.559624624013832,6.227866912591592,21.187885392751145,13.665821601942335,0.9108834119767094,6.222160366895418,11.713960617005219,7.5206835512512376,2.6392008671423843,2.3888663163952533,9.794198359787341
296.0,8.521522147967966,8.538456662568652,6.316930695924678,21.623353023115197,13.737964004595757,0.9386043586943132,6.404055128124453,11.518502848311616,7.590580657403994,2.694261455685663,2.4279595474434843,9.687809470164224
297.0,8.572059725274718,8.342302805138589,6.398639754859882,22.09683563405778,13.770332129129025,0.9742392066761287,6.5505124683997575,11.298225622258231,7.7047860755525095,2.777268132650775,2.452971596369872,9.599521801008542
298.0,8.603116992711044,7.794968233595359,6.47247486198217,22.57367253677983,13.763600977402854,1.0163489037371771,6.658305523847384,11.059399605377322,7.856757445227108,2.8479945395795387,2.4624711534102,9.511247796227813
299.0,8.622349498776645,7.287330273923199,6.537226188312123,23.072141696878976,13.719403239445395,1.0620878672392648,6.726668820267987,10.815364878191176,8.032094595927273,2.9172041353727303,2.455752585884935,9.422987390462081
300.0,8.638158492289053,6.8182785372878465,6.589753652311559,23.600328350075888,13.639364974368377,1.1075237245059362,6.756390924809593,10.584994993201756,8.210401266874685,2.981690767249008,2.4325817732626747,9.3347404575175
301.0,8.658431522077992,6.386548185643342,6.623873952822171,24.16866187852406,13.524354162376216,1.1481027110799094,6.748955463207583,10.390583227601933,8.368139873819848,3.037191874766775,2.392978355462401,9.24650687122161
302.0,8.691302024664939,5.990737857906087,6.63015131742099,24.788687300377195,13.374648333232448,1.179181483684019,6.7061153602735315,10.25508384472082,8.482028252753238,3.0785820882109083,2.3371730652301324,9.158286505418864
303.0,8.745770825884767,5.6293276969756825,6.597565512781662,25.47018822087167,13.19131943337352,1.1967115782097593,6.630048397782985,10.197970072581676,8.53245188062625,3.100661855206324,2.265781894293101,9.070079233972965
304.0,8.829918101989902,4.884928980328874,6.517739516795119,25.94703175679002,12.978567377463902,1.1981019877365533,6.523959073921303,10.22951771462132,8.50635800646447,3.221859585570196,2.180132823983301,8.981885074335038
305.0,8.9464257678349,5.003144359805904,6.390462294552088,27.02127812542215,12.746138233211065,1.1829598175903053,6.392774011375677,10.345109283376736,8.399166935739077,3.0752611747247522,2.082572905468468,8.851030998456274
306.0,9.089370681610843,4.734901396025609,6.227013760522792,27.863223202112025,12.510672150389302,1.1535339683513115,6.243539177987178,10.522443451243578,8.215424050145383,3.0310794530286564,1.9766226974233863,8.720189721194581
307.0,9.245533391719658,4.4941546680933815,6.0488966734613365,28.709832148287614,12.295105445313347,1.114260554460924,6.085258110466082,10.723708534611973,7.968099113251187,2.974508566490519,1.8667853331612523,8.589360911907129
308.0,9.397235007652062,4.27906096071199,5.883417119324205,29.520573872183228,12.125960484682391,1.0709061793113674,5.928193509710454,10.902268448440374,7.6767527013117345,2.914779049831687,1.758090050331674,8.458544383536257
309.0,9.524255270635186,4.087764628426402,5.758235750854293,30.254084594000098,12.028949950531173,1.02943525322378,5.782849433903746,11.012113532460454,7.364939123822942,2.861060593703948,1.6554348725757195,8.327739949044378
310.0,9.6079593880472,4.104146159053938,5.69512833287661,31.34632388119566,12.023852922644622,0.9949824651822314,5.658953048170382,11.018100984542905,7.057329335678043,2.7333609294514507,1.5629155842483589,8.196946968908605
311.0,9.639200103798622,3.7691765633021594,5.70380503626948,31.36494828943148,12.120233223006757,0.9712144767965486,5.564736972297878,10.904364274172455,6.776995051259973,2.7982059342880374,1.4833420481065651,8.200662373501185
312.0,9.622390791371993,3.6382544414326414,5.779276349175591,31.714917669463084,12.315712576877134,0.9601099638814321,5.506690814641241,10.677774103680001,6.543145816946573,2.794548293725189,1.4180245897321366,8.204389050759435
313.0,9.568980603745459,3.523897250091151,5.905047702642358,31.931151556712376,12.597506046210711,0.9624222612042526,5.489735735179138,10.365009143939892,6.369456238227817,2.8084528752482503,1.366949280369028,8.208127458508244
314.0,9.486901049137211,3.424414963849281,6.059244477456015,32.02382585892613,12.946147656367392,0.9782922922319043,5.517496244348333,10.005362226164571,6.262944698333646,2.8376277531864873,1.3291547057340016,8.211877602092914
315.0,9.374538634958517,3.3381890084152825,6.219510979056127,32.002592300311534,13.339482908521145,1.00776178545369,5.592253690894546,9.642672775161289,6.223323932382249,2.8799295819896487,1.3031980592522796,8.215639486876526
316.0,9.220874614504563,3.263682025631856,6.365809707083491,31.87522281564315,13.755493795852843,1.0508547596601872,5.714308290063216,9.31832921885196,6.242763436951669,2.9336925117624784,1.287546880830181,8.219413118236327
317.0,9.012117564715712,3.5581524232150965,6.4826816283269775,31.94440883377317,14.17355550320531,1.1072221598534977,5.8808403553257085,9.065642401648716,6.306101442994478,2.9652489288082053,1.2808305058044185,8.223198252328714
318.0,8.743519385266277,3.1441297224076914,6.561418489306387,31.342428198414144,14.574361643515207,1.1756508317916743,6.084743489459946,8.90613975611246,6.391644233379481,3.068461654133162,1.2819590840477002,8.301076957059575
319.0,8.427494558686593,3.096482455015304,6.6003859687963145,30.974507125980722,14.938963108647458,1.253654224342591,6.314038981225492,8.849090716222973,6.472711826684304,3.1433740926721114,1.2901441832568241,8.37896728128391
320.0,8.091420288870387,3.0553589687632106,6.6021838768393195,30.578983208233154,15.247538344465527,1.3375893376287276,6.552338182623671,8.894748002722446,6.520049493323777,3.2165091992982644,1.3048640143070191,8.456869585609141
321.0,7.7729875600304545,3.019720805831448,6.56933906918842,30.19448946526308,15.478832444030433,1.4230232428018963,6.780415238924607,9.039374930337958,6.505025750782019,3.280576862201838,1.325770841483781,8.534783981417283
322.0,7.521058632174689,2.9886369262429326,6.501402918032687,29.861333037061826,15.611390092095128,1.5053196301976888,6.978696399873841,9.278989142811486,6.40333623126763,3.3269937607768094,1.3525369514992507,8.612710580109411
323.0,7.396076941040117,2.961282784877655,6.395113880127417,29.615618588711307,15.627342988008943,1.5802912607422843,7.13029328562747,9.609683145262219,6.198692292861158,3.347093147590847,1.3846366196304527,8.690649493104113
324.0,7.455366974150231,3.271823396023867,6.247677215770175,29.02751764747988,15.518290429602056,1.6448725032914289,7.224037096431291,10.024518796884406,5.885826548729324,3.510371809558375,1.4210970631206652,8.768600518958303
325.0,7.720886783099666,2.9149833768166613,6.061503844806796,29.47018965562659,15.291092226594989,1.6976111935612475,7.25673876123518,10.509024527088084,5.472131098536016,3.2865397625499013,1.4603002234876994,8.93956104758667
326.0,8.158465462554313,2.8948955089732076,5.847344861886849,29.56784960594425,14.970559822432515,1.7389043360252816,7.233912878193182,11.038188715840471,4.977463244742147,3.2074389305726285,1.4999011597157372,9.11053404496251
327.0,8.69256015191615,2.8762423045632004,5.623830880274447,29.74862401609276,14.597136650295617,1.7706010072070257,7.168561144073815,11.576979387934346,4.431931914952237,3.105229537965249,1.536966359027383,9.281520068420058
328.0,9.233358903704996,2.8586763988003088,5.414401466669252,29.976867939727633,14.220118531482184,1.7953862615241214,7.078376579151375,12.08444109095826,3.8720069690804446,2.990295186636576,1.5682968806852065,9.452519362431818
329.0,9.691956125247762,2.8419285298208656,5.243072454449392,30.21647129132043,13.88852511092852,1.816075842669375,6.982182462406137,12.52034332389864,3.3356122519817086,2.872669015824623,1.5909005969986558,9.623532171490668
330.0,9.994566724960958,2.019478915571569,5.12911075996358,30.680245245805164,13.642047157812168,1.8350827071610447,6.896561619141191,12.852906871388914,2.8571248323408343,2.695819414478585,1.6024963107223076,9.794559440653682
331.0,10.107326033295147,2.810157230092051,5.081561625183463,30.624062159531608,13.504387479525967,1.85412803479818,6.833443324900351,13.065237471126176,2.463192608879154,2.657698224927098,1.6018986789346308,9.757376889809624
332.0,10.049326699595163,2.794920248737213,5.0970332626101325,30.769849313490223,13.480891672717966,1.8741498784730852,6.799060861561058,13.157540913430957,2.170017136521968,2.5665365657231627,1.5892127449919846,9.720208990439062
333.0,9.87202387258667,2.7800590754641794,5.1629241265103225,30.88253929050628,13.560912608003743,1.8954090724272539,6.79428755530073,13.143807987413565,1.982436330719922,2.485737585124971,1.5657238671865998,9.683054988852517
334.0,9.627597223666854,2.7655842820618033,5.2633366797423005,30.977339128044687,13.723148325358409,1.9176497426892973,6.815891492174219,13.04511243656067,1.894663844204649,2.4130247534176217,1.5336164014052034,9.645914831927302
335.0,9.354023768269094,2.7515401306361613,5.383495228935595,31.074222711189897,13.941274147954642,1.9402623865466773,6.858094795376763,12.883099790028014,1.8923065428349013,2.345852735748819,1.495589431348554,9.608788466562059
336.0,9.07624723842098,2.7379976087250437,5.511245228239798,31.19552047554261,14.188042587312696,1.9623974410186467,6.9139281259976855,12.676014227144071,1.9551088445605878,2.281942284580345,1.4544826475129164,9.571675839674548
337.0,8.812488006441292,2.72504782973835,5.6367508206668075,31.364014926249446,14.437595773373094,1.9830417009584762,6.976161479075199,12.437536228242937,2.0598964274938774,2.219456105128838,1.4129542675745503,9.534576898200127
338.0,8.578870813166766,2.7127958603144107,5.751958896820733,31.6005349680465,14.666662201069244,2.001090382008591,7.037830210329502,12.177626283694744,2.183305170214827,2.1570367344109296,1.373214613895239,9.49749158909689
339.0,8.388945752214976,3.042485181852809,5.850735991827701,31.645708711606567,14.855270271570548,2.015430531269651,7.092474961196255,11.904414283600593,2.304031350954332,2.1032655921551022,1.3368170689779588,9.460420302773509
340.0,8.248457686708488,2.6908417438789796,5.9294842557510306,32.33143901649583,14.987060563594731,2.0249962156962567,7.134213134411893,11.626263561670738,2.404477301181256,2.0297179150838183,1.3045416515680848,9.291560487314824
341.0,8.152361250211907,2.681370910407513,5.987161777997436,32.83017083064338,15.048972805029964,2.028789939212762,7.157748773422747,11.35325359593947,2.4717874043916215,1.9650912947377286,1.2763887771211924,9.122714400201914
342.0,8.089706436891726,2.6730519005962026,6.024044831303309,33.40582100301299,15.030460330803056,2.025818238233163,7.158444396990158,11.097572340803064,2.4983318723896724,1.9010842165625337,1.251742525655385,8.953881356585372
343.0,8.051249651513483,2.6659851953875853,6.040064126584942,34.042380318266176,14.923166627190543,2.015099801727924,7.132610302705277,10.872678751888053,2.4817586626037933,1.8392549972623211,1.229639315069601,8.785061115070809
344.0,8.032943701250458,2.6602596849423468,6.034144772113789,34.721903216254994,14.72219681830416,1.995833329714916,7.0781098489213825,10.691315759450449,2.424718814295227,1.7813060910920968,1.2091035473014147,8.616253434282637
345.0,8.034457554098472,2.9105853475690147,6.00521342046452,35.42695528210388,14.42926674058915,1.967774572272632,6.995215178180917,10.562736894727207,2.3343440208479382,1.6965231199840909,1.1894702425632098,8.447457626598961
346.0,8.055109566441077,2.6531186740374393,5.954180046885409,36.13502424277399,14.056566984051878,1.9316516521694302,6.887436832183332,10.490086214824304,2.2214973236879545,1.681993454271337,1.1706294150050764,8.411316577045154
347.0,8.091050989227695,2.651808877488089,5.885304911347297,36.8271200970159,13.629400408016233,1.8895035800871962,6.761972230597583,10.469211685026828,2.0997756020378766,1.6411748693303458,1.1531635746703142,8.375187107581212
348.0,8.135996615149107,2.6520515816955035,5.8059979013150675,37.47504510286756,13.186262236416361,1.8446202992719034,6.629506501388348,10.489567694954145,1.9842163714643772,1.6054511588163825,1.1383396872733025,8.339069612812198
349.0,8.183202873877237,2.653863354892941,5.725806276680371,38.04445926686336,12.776425211957818,1.8013125201752775,6.503343519817201,10.53649512433058,1.8897011774523618,1.574005071716964,1.1279781818649133,8.3029640410985
350.0,8.2259061003364,2.65724910229303,5.655741028929144,38.49342044952257,12.455520061928182,1.7645074697251082,6.397946523436919,10.593669338438875,1.8291102869527307,1.5463864132562017,1.124193465104331,8.266870340817551
351.0,8.256347530757605,2.662204988583396,5.607944365262588,38.77568895278937,12.278861683433101,1.739206085947,6.326971990412667,10.645116290444175,1.8113932818134677,1.5226766350362608,1.129017316622095,8.230788460362016
352.0,8.265236271045428,2.668722208714978,5.594547911171128,38.849651820027034,12.291754943650414,1.7296942676224882,6.300899068518436,10.677033957783049,1.8398329484323734,1.5033308202252307,1.1439289663761496,8.194718348143429
353.0,8.243907181291883,2.5062058818380435,5.624679108192947,39.666765830247286,12.517364108053586,1.7384966980521692,6.324572495398188,10.679738227123526,1.91086492290426,1.45938254119163,1.1693635846222556,8.15865942108423
354.0,8.189387841147207,2.6864088167279894,5.700417163020131,38.31435620751233,12.945673726257652,1.7654580724515605,6.395317026331329,10.649375503122771,2.0138326449912887,1.4787986344747335,1.2043510380346967,8.280591512398296
355.0,8.107814244623322,2.69758061615147,5.8145249862332715,37.766086678048886,13.528812044764138,1.8071889346878143,6.502383600669098,10.588489020596569,2.1319361731198647,1.4724957566750776,1.246386013899142,8.402534911652133
356.0,8.012466394928836,2.7103310564678877,5.951894468538166,37.13358990862718,14.186265524400856,1.8576305699478264,6.6282282738758465,10.504858516104216,2.244460145811794,1.4681608104749206,1.291705536118262,8.524490324701691
357.0,7.919938890920382,2.7247085179402246,6.093341382157829,36.52241978925062,14.819158181127413,1.9091889318600739,6.751440508381116,10.409081081187948,2.3300253938055246,1.4637826349513534,1.3358629543864424,8.646457925917563
358.0,7.84781340934228,2.740792709070238,6.219659257431205,36.036467767219065,15.32984953067884,1.9543248452251052,6.850649662461569,10.311845616263113,2.370367442674778,1.4574536097537185,1.3745169966596438,8.768437889688574
359.0,7.811366833904392,2.2655266353233507,6.31547553008806,34.736512208334055,15.64212889977522,1.9871412735759235,6.908446883489281,10.22162371637548,2.3539352561742897,1.463182366756815,1.4042295066390635,8.890430889564074
360.0,7.817483812473834,2.778598318465274,6.372573035500231,35.72177244323244,15.71683251351176,2.004519137924034,6.914347782911149,10.143139203972972,2.278569372036336,1.4338888034226756,1.423056925452088,8.8640751529943
361.0,7.861239733297207,2.800696769827625,6.390848266929871,35.92616853316092,15.558170490791108,2.0066957212266088,6.86610242093081,10.076817784380024,2.1526916135254885,1.4160074007753984,1.4308410475684048,8.837732589269898
362.0,7.930149233061915,2.825267291406862,6.3756839741519835,36.32103618897181,15.209201241108676,1.9967492981667818,6.769157522847786,10.01919461967182,1.9946649535670726,1.3948722276469872,1.4290609976545634,8.81140266158042
363.0,8.010855068768125,2.8526404405978183,6.333545959077233,36.83007045345077,14.739887656324278,1.9797026444422114,6.6347900501270285,9.963876409881324,1.8304044493775637,1.3717864479105886,1.420410930446556,8.785085332279495
364.0,8.091880887363526,2.8832095840275267,6.268558337453644,37.363583997696146,14.233130342401031,1.961430159045544,6.477708042735203,9.902602715375702,1.689591455863565,1.3484097590363173,1.4081838672930433,8.7587805637396
365.0,8.162761465142696,2.9174316891490752,6.1812704883635226,37.83095696465739,13.77212002962507,1.947673032059475,6.313809850898293,9.826277183015172,1.60112263687862,1.3266287113274742,1.3956039284847457,8.732488318350242
366.0,8.21290664105168,2.955826113746779,6.069529231260245,38.15231064482392,13.429208341856054,1.9430910542971709,6.158424318146286,9.726172340385224,1.5885593970783258,1.308351767502422,1.385187130655302,8.706208558518737
367.0,8.233253317224337,2.8323532720060327,5.931051305579241,39.19027959535295,13.25581491879827,1.9502634134375647,6.025092786425509,9.595419902986482,1.6663665660132432,1.2619629903936165,1.3782009304082137,8.679941001374548
368.0,8.221096087599559,3.047498396194001,5.766656581680936,38.164524686796355,13.27480352261511,1.9688846862788536,5.924882812711297,9.430398301259997,1.8376311370275349,1.2878816401807767,1.3743361411151291,8.726595583138753
369.0,8.183504710119415,3.1020841679812188,5.582291086259563,37.84845958199387,13.478290699057492,1.9953233471320226,5.866182657501014,9.231300309203402,2.093670442207511,1.286515609199436,1.3716613469925696,8.773262396737646
370.0,8.135544226614652,3.163439082236227,5.3886517329883965,37.36993496539948,13.832521905327056,2.0232095718769245,5.854817477924757,9.001530260251513,2.415646298389291,1.2904155649850233,1.367006002884772,8.819941754193776
371.0,8.096703416039501,3.232294716213673,5.1991961874313946,36.793797827749295,14.28791678143937,2.0446531548406837,5.894135757941139,8.746477491758935,2.7778089823525978,1.2987771070507308,1.3566771735013836,8.86663372224848
372.0,8.088485531708958,3.3093881785428936,5.027685359388532,36.1873356391924,14.790412170287548,2.0520650207203017,5.984736331850535,8.472595893826181,3.1517202775270197,1.3109461574419552,1.33742938449433,8.913338367659245
373.0,8.129900111285789,4.994283071839939,4.885458566672946,35.258902623823445,15.29074831963332,2.0401778827800765,6.123766945737213,8.187358027770397,3.510587692094058,1.3112910273801377,1.307469357274607,8.960056373708069
374.0,8.22890714059453,3.491157836831062,4.778885696740674,35.09694798239431,15.749908345308873,2.007652654325184,6.3041249090848765,7.89998485141638,3.832872813076119,1.344742303990946,1.2672224802284386,8.823543802951523
375.0,8.377112300843066,3.5971699580558325,4.708682309846429,34.67668667710425,16.140214859594476,1.9580296912633013,6.514090768612656,7.622448398742207,4.10458621958831,1.3651972161701602,1.2197059111985569,8.687044464446961
376.0,8.554118906762238,3.714049703203849,4.672158167257502,34.35615493757128,16.44283058223086,1.899125836164913,6.737836803478776,7.370191614070145,4.319978462265657,1.3869781503317926,1.1702650871748597,8.550557546526413
377.0,8.734582248454057,3.8422707338418585,4.666830137943044,34.136407437344396,16.64378117140558,1.8416993314497274,6.9568760064339115,7.162069303827597,4.480768459147552,1.409247725402891,1.1258196069629867,8.414082854040952
378.0,8.890196700246582,3.9821900920342737,4.692820040147507,34.015753785154445,16.731105637186438,1.7974567733886933,7.152270480442461,7.018894329048514,4.594288174630468,1.4312794164875065,1.0936818442012153,8.27762019186484
379.0,8.989573810104385,4.134027540344165,4.7525167372665065,33.991228270152355,16.694896558250175,1.776756928206885,7.307258197695779,6.959956685921457,4.671099045207233,1.4525040201360744,1.080170721010598,8.141169364881474
380.0,9.00455431224723,4.334323869419504,4.847397796307488,33.8006629575964,16.530150439837435,1.7861362424521157,7.409830059312043,6.99765240082418,4.722632477609253,1.4726625729410665,1.0892674863478644,8.004729385105433
381.0,8.924978909742928,4.473536549672865,4.973462575662359,34.19808820975937,16.240467339087186,1.826352991834515,7.454614606440023,7.1320499809271585,4.759299307354599,1.490867540122572,1.1216710052305894,8.10397427371184
382.0,8.768438683725632,4.660800060601358,5.1180498239001055,34.393130233647256,15.839942057924935,1.8913018915873212,7.44345913487929,7.348293177045867,4.78932569610909,1.507302965872289,1.1744381320387551,8.203229956339408
383.0,8.573654150454953,4.859140211325704,5.259939889272405,34.60990208831371,15.35170893594142,1.9691934309734715,7.3844151270925895,7.618646059504525,4.81839327510646,1.5214144017840192,1.241546702460183,8.302497367799585
384.0,8.388202393051074,5.067854159319898,5.372141444556777,34.81182898003332,14.803809205175876,2.0449075757912034,7.2894891244071225,7.908224427232748,4.849961843961902,1.5327874825618406,1.315066294376709,8.401776650026585
385.0,8.261258166392727,5.286029776098385,5.426590625121671,34.96349635579502,14.224282590790336,2.1033081472627195,7.171873449738122,8.182145626289737,4.8860451240696525,1.5410479796326675,1.3867280504288049,8.501067944966913
386.0,8.234723448039402,3.186336068533311,5.4011267717923,35.41645720662239,13.637170870609513,2.1326096493402424,7.043423713224445,8.412157560322889,4.928142951395671,1.5580257932234944,1.449454970524832,8.600370996371508
387.0,8.32712899414878,5.746083111501976,5.287315146742637,35.0196032993532,13.06027481757482,2.1268246283970362,6.912916128469437,8.581272154861702,4.978045350032531,1.5480019545733124,1.4984682694591909,8.818046559312137
388.0,8.524312472876877,5.985124279290277,5.094329139426876,34.91159218584763,12.504836987454825,2.0870233491762327,6.785313471522865,8.685099786036444,5.038297163663744,1.547793504839133,1.5318252817961895,9.035734331927612
389.0,8.789885928480704,6.227979447476143,4.845803202160849,34.728029333153216,11.976813286341157,2.020188032256701,6.662004901009682,8.72954478538213,5.112204383017732,1.5468350092320913,1.550209309477041,9.253435023678998
390.0,9.081643675760306,6.4728001897715695,4.57300964489043,34.491324564871626,11.478918306357585,1.937168705073249,6.541740737006924,8.726393799226473,5.203391047684662,1.5470517326843358,1.5562821249095355,9.471148945828777
391.0,9.35778177018655,6.717603882669725,4.309125783362424,34.226111550718585,11.012510220528107,1.8501453502100191,6.421916958982149,8.689000760008547,5.315006756748489,1.5506887409730146,1.5537850727069167,9.688876409659636
392.0,9.57646925861865,6.960300507036053,4.085110718238148,33.95516676568507,10.578711162657662,1.7703793965118693,6.29990706763671,8.62942040997633,5.4487644476991415,1.5599904101385342,1.5466688966314195,9.906617726478135
393.0,9.701280066941685,7.359760912845411,3.924872602568487,33.59549938554699,10.17873177679106,1.7063763303204578,6.174238795629888,8.557073715466519,5.604022828446415,1.535363242003884,1.5384059989181025,10.124374344521108
394.0,9.716047741818604,7.4306563453174315,3.8398416741584716,33.46497311453714,9.81384337152922,1.6627197053635756,6.045471240544064,8.478452386424598,5.77712539910019,1.6013932025900206,1.5315664752050389,10.00421928812681
395.0,9.633552013550455,7.653877168306354,3.8269710205512464,33.2676748020195,9.485569310840257,1.6395582856758713,5.9166700838351165,8.39740429166695,5.9611554459621745,1.6333911346110586,1.52764484130565,9.884079672498501
396.0,9.484621746711666,7.8661822641809,3.8729758661664597,33.11082312560833,9.196378734895791,1.6333902695044804,5.793427959154582,8.315710495787632,6.146206585107738,1.670781829282646,1.527145381745088,9.763954188959572
397.0,9.300669398247942,8.06542607958387,3.9617388384676087,32.999568341931976,8.950630609534667,1.638249688417427,5.683462825050342,8.233735438682917,6.320157722992154,1.7110133565365044,1.5298035742535556,9.643842665750487
398.0,9.105769595380055,8.24955387723322,4.07999422266407,32.94035625356558,8.75514077550184,1.647055751164414,5.595837739825383,8.150998408310091,6.469868231498168,1.7513159321590754,1.5348746165571965,9.523744931138143
399.0,8.917792030137662,8.416633983329264,4.219442122454675,32.941324351644155,8.618704523591818,1.6527149115165365,5.539825757662088,8.066621316953723,6.582628181377563,1.7889718355362225,1.541404014425739,9.40366081340822
400.0,8.75149176208201,8.564887808293333,4.376146676897112,33.01077670037538,8.550224846808472,1.6490394568315472,5.523463932599107,7.979701674731219,6.647651808227725,1.8215501167928276,1.5484421897622214,9.283590140867473
401.0,8.618509592021145,11.022687253785772,4.548494421116841,32.92317531830501,8.555754139909082,1.6316122516901597,5.5519890585751925,7.889666059442491,6.657384488981568,1.882001438475492,1.5551932858262745,9.16353269187097
402.0,8.523640552504869,8.798727117798954,4.7348232798223,33.36997429793329,8.635569752452444,1.5984291290980939,5.626559333625476,7.796587358476306,6.608410449514247,1.8653015625119203,1.5610975549206594,9.058340976486944
403.0,8.462598251638738,8.881747508247605,4.931836405232812,33.649034662536096,8.782711208820839,1.5502485566733437,5.7437005791600075,7.701389262560464,6.5018241753606185,1.876081880677689,1.5658584467621481,8.95316216258986
404.0,8.425637628283466,8.940846786418357,5.134328253541216,33.97368976486702,8.983713938540276,1.4901393322859842,5.895714563220172,7.6058886302097,6.343001692843709,1.8808879558353628,1.5694126744183485,8.84799614976673
405.0,8.403177389178834,8.975343926528863,5.335591427018041,34.32067305923761,9.220958342389196,1.422773142259698,6.071852989926402,7.51271448522327,6.14084851297024,1.8814298527063569,1.571872106800177,8.742842787653021
406.0,8.388551789094361,8.984814698299962,5.527654408874569,34.66366435602524,9.475424824906193,1.3535890216397692,6.259862067407675,7.425149314710794,5.906666725051696,1.8794103624724472,1.5734527427347844,8.637701925902297
407.0,8.378005260501466,8.969093496828567,5.701355230210974,34.97590884809224,9.729014459984745,1.2880785930131924,6.4475310138799005,7.34685126648888,5.652845724886172,1.876303865517372,1.5744108646028954,8.532573414186407
408.0,8.369781681723671,8.928270671846446,5.847108862340833,35.233214664337275,9.966318544597558,1.2311338190968435,6.624058895651659,7.281348820338674,5.391581039002759,1.8732780855913953,1.574994979865931,8.427457102193324
409.0,8.3632121585854,7.692924536750466,5.957126831645448,35.71722355674771,10.175993270439395,1.186381691681017,6.781143710238,7.23129870954244,5.133792905498453,1.8631351943727577,1.5754149149824244,8.322352519516484
